Date,Close,adj_close,prob_up_tuned,label_20d_up,is_test
2015-04-10,11.550000190734863,11.497358322143556,0.9581597219403113,1,0
2015-04-13,11.630000114440918,11.576993942260742,0.9710428993343123,1,0
2015-04-14,11.75,11.696446418762209,0.9755840547935046,1,0
2015-04-15,11.699999809265137,11.646674156188965,0.9702710810346665,1,0
2015-04-16,11.75,11.696446418762209,0.9727465716021455,1,0
2015-04-17,11.779999732971191,11.726309776306152,0.9743265748860395,1,0
2015-04-20,11.5,11.447586059570312,0.9711626927283608,1,0
2015-04-21,11.479999542236328,11.4276762008667,0.9837290120008967,1,0
2015-04-22,11.449999809265137,11.39781379699707,0.9812201103349668,1,0
2015-04-23,11.460000038146973,11.40776824951172,0.9782630913425058,1,0
2015-04-24,11.470000267028809,11.417722702026367,0.9776217247890038,1,0
2015-04-27,11.470000267028809,11.417722702026367,0.979514868797914,1,0
2015-04-28,11.449999809265137,11.39781379699707,0.9806265980783339,1,0
2015-04-29,11.4399995803833,11.387860298156738,0.9777660179347984,1,0
2015-04-30,11.449999809265137,11.39781379699707,0.9770061971254049,1,0
2015-05-04,11.600000381469728,11.547130584716797,0.9519866583979495,1,0
2015-05-05,11.649999618530272,11.596901893615724,0.8449155096240343,1,0
2015-05-06,11.720000267028809,11.666584014892578,0.7935995826965256,1,0
2015-05-07,11.850000381469728,11.795991897583008,0.5771598458439033,0,0
2015-05-08,11.90999984741211,11.855717658996582,0.2552103863095538,0,0
2015-05-11,11.9399995803833,11.885581016540527,0.2187672736774232,0,0
2015-05-12,11.979999542236328,11.92539882659912,0.2060894360472098,0,0
2015-05-13,11.989999771118164,11.93535327911377,0.2114625024073492,0,0
2015-05-14,11.989999771118164,11.93535327911377,0.20591897298236056,0,0
2015-05-15,11.989999771118164,11.93535327911377,0.22262001744906562,0,0
2015-05-18,12.050000190734863,11.99507999420166,0.229037205210442,0,0
2015-05-19,12.0,11.945307731628418,0.16646878674071436,0,0
2015-05-20,11.989999771118164,11.93535327911377,0.16073214370518515,0,0
2015-05-21,11.979999542236328,11.92539882659912,0.19878952431830532,0,0
2015-05-22,12.0,11.945307731628418,0.2817223039423042,0,0
2015-05-25,12.100000381469728,12.044852256774902,0.3099904603023204,0,0
2015-05-26,11.93000030517578,11.87562656402588,0.3464126506803641,0,0
2015-05-27,11.859999656677246,11.80594539642334,0.4068161489107727,0,0
2015-05-28,11.859999656677246,11.80594539642334,0.4484711610371173,0,0
2015-05-29,11.859999656677246,11.80594539642334,0.4345080888038338,0,0
2015-06-01,11.869999885559082,11.815899848937988,0.33623550352859743,0,0
2015-06-02,11.829999923706056,11.776082038879396,0.33353127640855174,0,0
2015-06-03,11.829999923706056,11.776082038879396,0.37346526054773055,0,0
2015-06-04,11.699999809265137,11.646674156188965,0.4237199671226646,0,0
2015-06-05,11.550000190734863,11.497358322143556,0.321674172850522,0,0
2015-06-08,11.460000038146973,11.40776824951172,0.35673302610008073,0,0
2015-06-09,11.300000190734863,11.24849796295166,0.40510786313627106,0,0
2015-06-10,11.229999542236328,11.17881679534912,0.5359881184710483,0,0
2015-06-11,11.140000343322754,11.089227676391602,0.6292171793999689,1,0
2015-06-12,11.06999969482422,11.019545555114746,0.6981053517926434,1,0
2015-06-15,11.050000190734863,10.999637603759766,0.6274773022323121,1,0
2015-06-16,11.050000190734863,10.999637603759766,0.5984734105088461,1,0
2015-06-17,11.199999809265137,11.148953437805176,0.8895474247410234,1,0
2015-06-18,11.15999984741211,11.109135627746582,0.888499206252166,1,0
2015-06-19,11.260000228881836,11.208681106567385,0.9526969949550127,1,0
2015-06-22,11.359999656677246,11.30822467803955,0.949902882160298,1,0
2015-06-23,11.710000038146973,11.65662956237793,0.9050578230274225,1,0
2015-06-24,11.710000038146973,11.65662956237793,0.9162404554601088,1,0
2015-06-25,11.779999732971191,11.726309776306152,0.8976750843013926,1,0
2015-06-26,11.670000076293944,11.616811752319336,0.8713483990442841,1,0
2015-06-29,11.039999961853027,10.989683151245115,0.9437497819457988,1,0
2015-06-30,10.920000076293944,10.870229721069336,0.9467971010863853,1,0
2015-07-01,11.229999542236328,11.17881679534912,0.9403169082030695,1,0
2015-07-02,11.300000190734863,11.24849796295166,0.9388591667856592,1,0
2015-07-03,11.260000228881836,11.208681106567385,0.9434651101402256,1,0
2015-07-06,11.210000038146973,11.158907890319824,0.9450415256659176,1,0
2015-07-07,11.210000038146973,11.158907890319824,0.9415075722088244,1,0
2015-07-08,11.210000038146973,11.158907890319824,0.9373315885236518,1,0
2015-07-09,11.210000038146973,11.158907890319824,0.9323030073235674,1,0
2015-07-10,11.239999771118164,11.18877124786377,0.9327733140102537,1,0
2015-07-13,11.3100004196167,11.258453369140623,0.9645883924430428,1,0
2015-07-14,11.329999923706056,11.278361320495604,0.9588793270243143,1,0
2015-07-15,11.369999885559082,11.3181791305542,0.8899534368118969,1,0
2015-07-16,11.699999809265137,11.646674156188965,0.9093573248332272,1,0
2015-07-17,11.729999542236328,11.67653751373291,0.8855779942732832,1,0
2015-07-20,11.729999542236328,11.67653751373291,0.8876766238670071,1,0
2015-07-21,11.899999618530272,11.845763206481934,0.8605354352293806,1,0
2015-07-22,11.899999618530272,11.845763206481934,0.7062445706362898,1,0
2015-07-23,12.06999969482422,12.014988899230955,0.8494544901788751,1,0
2015-07-24,12.109999656677246,12.054805755615234,0.8653569714161652,1,0
2015-07-27,12.09000015258789,12.034897804260254,0.6658863267635587,1,0
2015-07-28,12.020000457763672,11.965216636657717,0.8165430841474142,1,0
2015-07-29,12.0,11.945307731628418,0.8865183062011335,1,0
2015-07-30,12.06999969482422,12.014988899230955,0.7256392785268081,1,0
2015-07-31,12.029999732971191,11.975171089172363,0.4973296878726695,1,0
2015-08-03,12.039999961853027,11.985125541687012,0.5000649092228032,1,0
2015-08-04,12.039999961853027,11.985125541687012,0.504187913235326,1,0
2015-08-05,12.0600004196167,12.005034446716309,0.5281429896293031,1,0
2015-08-06,12.050000190734863,11.99507999420166,0.6164362843366177,1,0
2015-08-07,12.0600004196167,12.005034446716309,0.7479825726276921,1,0
2015-08-10,12.050000190734863,11.99507999420166,0.7223881357720566,1,0
2015-08-11,12.06999969482422,12.014988899230955,0.7276388860987212,1,0
2015-08-12,12.06999969482422,12.014988899230955,0.7254065798069754,1,0
2015-08-13,12.079999923706056,12.024943351745604,0.6516044107653757,1,0
2015-08-14,12.100000381469728,12.044852256774902,0.6507638265984931,1,0
2015-08-17,12.109999656677246,12.054805755615234,0.6951506163025812,1,0
2015-08-18,12.399999618530272,12.343483924865724,0.7114206835891704,1,0
2015-08-19,13.06999969482422,13.010430335998535,0.36222044076626864,0,0
2015-08-20,13.0,12.940749168395996,0.21040095985204924,0,0
2015-08-21,12.93000030517578,12.871068954467772,0.2144797728850141,0,0
2015-08-24,12.109999656677246,12.054805755615234,0.6474295610969748,1,0
2015-08-25,12.100000381469728,12.044852256774902,0.5970680833232929,1,0
2015-08-26,12.119999885559082,12.0647611618042,0.41468135495475406,0,0
2015-08-27,12.119999885559082,12.0647611618042,0.3378481741291491,0,0
2015-08-28,12.170000076293944,12.11453342437744,0.3452708084839328,0,0
2015-08-31,12.31999969482422,12.263848304748535,0.27503977716556394,0,0
2015-09-01,12.479999542236328,12.42311954498291,0.33049685755809877,0,0
2015-09-02,12.56999969482422,12.512709617614746,0.2881982503405715,0,0
2015-09-03,12.670000076293944,12.61225414276123,0.26642779445561654,0,0
2015-09-04,12.75,12.691889762878418,0.27736722586496615,0,0
2015-09-07,12.670000076293944,12.61225414276123,0.18937570693817893,0,0
2015-09-08,12.68000030517578,12.62220859527588,0.1847010441939288,0,0
2015-09-09,12.619999885559082,12.562481880187988,0.19550200970569093,0,0
2015-09-10,12.59000015258789,12.532618522644045,0.19715132739040644,0,0
2015-09-11,12.619999885559082,12.562481880187988,0.21023534639383412,0,0
2015-09-14,12.579999923706056,12.522664070129396,0.2074788342584231,0,0
2015-09-15,12.5,12.443028450012209,0.3031089626350558,0,0
2015-09-16,12.449999809265137,12.393256187438965,0.533040896846016,1,0
2015-09-17,12.31999969482422,12.263848304748535,0.571226492479957,1,0
2015-09-18,12.31999969482422,12.263848304748535,0.9409033368648289,1,0
2015-09-21,12.18000030517578,12.124486923217772,0.9209320185040172,1,0
2015-09-22,12.170000076293944,12.11453342437744,0.9223510160985974,1,0
2015-09-23,12.050000190734863,11.99507999420166,0.9135106587392294,1,0
2015-09-24,11.9399995803833,11.885581016540527,0.9198403191331802,1,0
2015-09-25,11.949999809265137,11.895535469055176,0.9220410698269519,1,0
2015-09-28,11.960000038146973,11.905489921569824,0.9179201287323587,1,0
2015-09-29,11.9399995803833,11.885581016540527,0.9343583013864704,1,0
2015-09-30,12.300000190734863,12.243940353393556,0.957513807000281,1,0
2015-10-01,12.350000381469728,12.293712615966797,0.9614766009575147,1,0
2015-10-02,12.369999885559082,12.313620567321776,0.9508876097995981,1,0
2015-10-05,12.4399995803833,12.383301734924316,0.9443233381973466,1,0
2015-10-06,12.449999809265137,12.393256187438965,0.9414533801278654,1,0
2015-10-07,12.4399995803833,12.383301734924316,0.9504972165501892,1,0
2015-10-08,12.43000030517578,12.373348236083984,0.9425557630201485,1,0
2015-10-09,12.43000030517578,12.373348236083984,0.9441612137948199,1,0
2015-10-12,12.4399995803833,12.383301734924316,0.9273699449380168,1,0
2015-10-13,12.449999809265137,12.393256187438965,0.9146565238031584,1,0
2015-10-14,12.520000457763672,12.46293830871582,0.8422645755187277,1,0
2015-10-15,12.609999656677246,12.55252742767334,0.8155737513805273,1,0
2015-10-16,12.770000457763672,12.711798667907717,0.6633658699770696,1,0
2015-10-19,12.899999618530272,12.841205596923828,0.5673945002163285,1,0
2015-10-20,12.869999885559082,12.811342239379885,0.6668484996434679,1,0
2015-10-21,12.880000114440918,12.821297645568848,0.7813493826605286,1,0
2015-10-22,12.989999771118164,12.930794715881348,0.5626063009668456,1,0
2015-10-23,13.0,12.940749168395996,0.5244689558873713,0,0
2015-10-26,13.050000190734863,12.990521430969238,0.4507574707047172,0,0
2015-10-27,13.15999984741211,13.100020408630373,0.41652068850762863,0,0
2015-10-28,13.199999809265137,13.139838218688965,0.2859484063385896,0,0
2015-10-29,13.399999618530272,13.338926315307615,0.3127504234005617,0,0
2015-10-30,13.449999809265137,13.38869857788086,0.26464461352665497,0,0
2015-11-02,13.470000267028809,13.408608436584473,0.24987029216019702,0,0
2015-11-03,13.529999732971191,13.468334197998049,0.24176610152180456,0,0
2015-11-04,13.289999961853027,13.2294282913208,0.6155975482457422,0,0
2015-11-05,13.34000015258789,13.279200553894045,0.6643665299054413,1,0
2015-11-06,13.279999732971191,13.219472885131836,0.6962929198787612,1,0
2015-11-09,13.34000015258789,13.279200553894045,0.6941521649731012,1,0
2015-11-10,13.359999656677246,13.299108505249023,0.7162168068406537,1,0
2015-11-11,13.369999885559082,13.309062957763672,0.632013230072852,1,0
2015-11-12,13.359999656677246,13.299108505249023,0.5903338918251574,1,0
2015-11-13,13.359999656677246,13.299108505249023,0.5599711784416201,1,0
2015-11-16,13.329999923706056,13.269246101379396,0.47075734314312195,1,0
2015-11-17,13.170000076293944,13.10997486114502,0.5508574832502313,1,0
2015-11-18,13.140000343322754,13.080111503601074,0.6029090184779661,1,0
2015-11-19,13.079999923706056,13.020384788513184,0.6362189352966552,1,0
2015-11-20,12.920000076293944,12.861113548278809,0.6591880509036078,1,0
2015-11-23,12.84000015258789,12.781479835510254,0.7090494619316051,1,0
2015-11-24,13.050000190734863,12.990521430969238,0.734225081231251,1,0
2015-11-25,13.0,12.940749168395996,0.9045629534957319,1,0
2015-11-26,12.979999542236328,12.9208402633667,0.8844863735237339,1,0
2015-11-27,13.0,12.940749168395996,0.773686040464978,1,0
2015-11-30,13.0,12.940749168395996,0.8351540251020273,1,0
2015-12-01,12.949999809265137,12.890976905822754,0.6741652506909258,1,0
2015-12-02,12.899999618530272,12.841205596923828,0.7229977574250686,1,0
2015-12-03,14.779999732971191,14.712636947631836,0.49752337633524996,0,0
2015-12-04,14.65999984741211,14.593183517456056,0.535754198097642,0,0
2015-12-07,14.529999732971191,14.463775634765623,0.7642362682722711,1,0
2015-12-08,14.289999961853027,14.224870681762695,0.8971895210161779,1,0
2015-12-09,14.579999923706056,14.513547897338867,0.7759583617013887,1,0
2015-12-10,14.789999961853027,14.722591400146484,0.9071675575671175,1,0
2015-12-11,15.350000381469728,15.28003978729248,0.7267854125240825,1,0
2015-12-14,15.420000076293944,15.349720001220703,0.6568853840853228,1,0
2015-12-15,15.300000190734863,15.230266571044922,0.7008952322757711,1,0
2015-12-16,15.119999885559082,15.051087379455566,0.8537845503810715,1,0
2015-12-17,15.140000343322754,15.070996284484863,0.9058029556207972,1,0
2015-12-18,15.039999961853027,14.971452713012695,0.8800893851433861,1,0
2015-12-21,14.979999542236328,14.911725044250488,0.8936305103244235,1,0
2015-12-22,14.8100004196167,14.742501258850098,0.8760673879306679,1,0
2015-12-23,14.529999732971191,14.463775634765623,0.9200648816083917,1,0
2015-12-24,14.5,14.433913230895996,0.9480262091766264,1,0
2015-12-28,14.510000228881836,14.443867683410645,0.9425255460187865,1,0
2015-12-29,14.529999732971191,14.463775634765623,0.9566783673820192,1,0
2015-12-30,14.510000228881836,14.443867683410645,0.9255769430865073,1,0
2016-01-04,14.619999885559082,14.55336570739746,0.8993690258440847,1,0
2016-01-05,14.649999618530272,14.583229064941406,0.9005702897439652,1,0
2016-01-06,14.529999732971191,14.463775634765623,0.9354931848323605,1,0
2016-01-07,14.699999809265137,14.633001327514648,0.901608088799293,1,0
2016-01-08,15.550000190734863,15.479127883911133,0.7069378497567291,1,0
2016-01-11,16.1299991607666,16.056482315063477,0.43067090270171804,1,0
2016-01-12,17.5,17.42024040222168,0.3116111574869619,0,0
2016-01-13,17.5,17.42024040222168,0.4117373833960795,0,0
2016-01-14,16.989999771118164,16.91256332397461,0.6407893175722497,1,0
2016-01-15,17.639999389648438,17.559600830078125,0.2946925521186101,0,0
2016-01-18,17.84000015258789,17.758689880371094,0.4257252835300357,0,0
2016-01-19,17.780000686645508,17.698965072631836,0.7641883032741421,1,0
2016-01-20,16.600000381469727,16.524343490600586,0.90168189501394,1,0
2016-01-21,16.649999618530273,16.574113845825195,0.9135706773631648,1,0
2016-01-22,17.0,16.922517776489258,0.906377499390628,1,0
2016-01-25,17.799999237060547,17.7188720703125,0.8791402658494678,1,0
2016-01-26,18.25,18.16682243347168,0.8572332814513468,1,0
2016-01-27,18.86000061035156,18.7740421295166,0.4200465926867454,0,0
2016-01-28,18.600000381469727,18.515226364135746,0.5497251529595854,0,0
2016-01-29,17.90999984741211,17.828371047973633,0.8625902060899616,1,0
2016-02-01,18.950000762939453,18.86363220214844,0.6843901711004249,0,0
2016-02-02,17.940000534057617,17.85823631286621,0.8791659071056726,1,0
2016-02-03,17.829999923706055,17.748735427856445,0.88919407969014,1,0
2016-02-04,17.979999542236328,17.898052215576172,0.909910278754891,1,0
2016-02-05,18.46999931335449,18.38581657409668,0.8019496329851845,0,0
2016-02-08,17.149999618530273,17.071834564208984,0.9144027403845298,1,0
2016-02-09,16.989999771118164,16.91256332397461,0.9434857016513652,1,0
2016-02-10,17.25,17.17137908935547,0.957299947439827,1,0
2016-02-11,17.239999771118164,17.16142463684082,0.9636441876840635,1,0
2016-02-12,17.260000228881836,17.181333541870117,0.9480606230232674,1,0
2016-02-15,17.829999923706055,17.748735427856445,0.9019682469850727,1,0
2016-02-16,18.209999084472656,18.12700462341309,0.8617093241379509,1,0
2016-02-17,18.649999618530277,18.56499671936035,0.7493604164140784,1,0
2016-02-18,18.530000686645508,18.445545196533203,0.7696378665923237,1,0
2016-02-19,18.34000015258789,18.25641250610352,0.7596555428623686,0,0
2016-02-22,18.540000915527344,18.45549964904785,0.7272920706865738,0,0
2016-02-23,18.649999618530277,18.56499671936035,0.6885329140249211,0,0
2016-02-24,17.959999084472656,17.878143310546875,0.9094973559933933,1,0
2016-02-25,18.399999618530277,18.316139221191406,0.840778314593014,1,0
2016-02-26,18.86000061035156,18.7740421295166,0.754880111549444,1,0
2016-02-29,18.90999984741211,18.82381248474121,0.8218766327718465,1,0
2016-03-01,18.549999237060547,18.465452194213867,0.8509549946936102,1,0
2016-03-02,18.280000686645508,18.196685791015625,0.8931550189936514,1,0
2016-03-03,18.100000381469727,18.017505645751957,0.9466996076387504,1,0
2016-03-04,18.07999992370605,17.997596740722656,0.9267723553972828,1,0
2016-03-07,17.959999084472656,17.878143310546875,0.9181165001021385,1,0
2016-03-08,18.030000686645508,17.947826385498047,0.8992463459114576,1,0
2016-03-09,18.190000534057617,18.10709571838379,0.8999132563000992,1,0
2016-03-10,18.25,18.16682243347168,0.9061585558757107,1,0
2016-03-11,18.209999084472656,18.12700462341309,0.9178064070970164,1,0
2016-03-14,18.6200008392334,18.53513526916504,0.8181535058550448,1,0
2016-03-15,19.15999984741211,19.072673797607425,0.525536938008878,0,0
2016-03-16,19.290000915527344,19.202083587646484,0.4424067407311852,0,0
2016-03-17,18.8700008392334,18.78399658203125,0.6240935553415986,1,0
2016-03-18,17.90999984741211,17.828371047973633,0.8861235746956739,1,0
2016-03-21,18.200000762939453,18.11705017089844,0.9217145928194143,1,0
2016-03-22,18.200000762939453,18.11705017089844,0.9174920618886203,1,0
2016-03-23,18.399999618530277,18.316139221191406,0.8633121021181088,1,0
2016-03-24,18.790000915527344,18.704360961914062,0.8100846846095722,1,0
2016-03-29,18.899999618530277,18.81385803222656,0.7705746339900262,1,0
2016-03-30,19.200000762939453,19.11249351501465,0.5842885955475348,1,0
2016-03-31,18.6299991607666,18.54508781433105,0.7555895849832545,1,0
2016-04-01,18.459999084472656,18.37586212158203,0.839076726864685,1,0
2016-04-04,18.38999938964844,18.30618476867676,0.8655015578575711,1,0
2016-04-05,18.26000022888184,18.176776885986328,0.9225118282130833,1,0
2016-04-06,18.399999618530277,18.316139221191406,0.8652581865393641,1,0
2016-04-07,18.5,18.415681838989254,0.9060546854176991,1,0
2016-04-08,18.700000762939453,18.614770889282227,0.906403160871937,1,0
2016-04-11,18.81999969482422,18.73422241210937,0.8793432755558113,1,0
2016-04-12,19.0,18.913402557373047,0.8629422712566155,1,0
2016-04-13,19.1299991607666,19.04281044006348,0.8964346018988288,1,0
2016-04-14,19.1200008392334,19.03285789489746,0.6984726677883262,1,0
2016-04-15,19.25,19.162263870239254,0.5900237353225792,1,0
2016-04-18,19.399999618530277,19.311580657958984,0.5274037819879517,1,0
2016-04-19,20.200000762939453,20.107934951782227,0.5642068600682971,1,0
2016-04-20,20.049999237060547,19.958616256713867,0.553963488017834,1,0
2016-04-21,21.38999938964844,21.292510986328125,0.2156020057392028,0,0
2016-04-22,21.770000457763672,21.670778274536133,0.3163950971554519,0,0
2016-04-25,22.07999992370605,21.979366302490234,0.1861977887315222,0,0
2016-04-26,21.700000762939453,21.601097106933597,0.44722109613118577,0,0
2016-04-27,22.100000381469727,21.99927520751953,0.2980504422723793,0,0
2016-04-28,22.06999969482422,21.969411849975582,0.7585258582435035,1,0
2016-04-29,22.0,21.899730682373047,0.8026711742581396,1,0
2016-05-02,22.049999237060547,21.949501037597656,0.8233519661069199,1,0
2016-05-03,21.86000061035156,21.76036834716797,0.8681353418799999,1,0
2016-05-04,21.90999984741211,21.81014060974121,0.8615914539939349,1,0
2016-05-05,22.65999984741211,22.55672264099121,0.8435110850524443,1,0
2016-05-06,22.809999465942383,22.706039428710938,0.8661852093449656,1,0
2016-05-09,22.739999771118164,22.6363582611084,0.8111827791198223,1,0
2016-05-10,22.5,22.39745140075684,0.8494200203492319,1,0
2016-05-11,21.81999969482422,21.72055053710937,0.8252551898908531,1,0
2016-05-12,21.979999542236328,21.87982177734375,0.8194719765797901,1,0
2016-05-13,21.920000076293945,21.82009506225586,0.8074591997798769,1,0
2016-05-16,21.920000076293945,21.82009506225586,0.33017267712087167,0,0
2016-05-17,21.979999542236328,21.87982177734375,0.26133905863242113,0,0
2016-05-18,21.190000534057617,21.09342384338379,0.5316960302473767,0,0
2016-05-19,20.549999237060547,20.45633888244629,0.5116524980416096,0,0
2016-05-20,20.46999931335449,20.3767032623291,0.5435086449801922,0,0
2016-05-23,21.0,20.90428924560547,0.5138059213528711,1,0
2016-05-24,21.0,20.90428924560547,0.60575062352971,1,0
2016-05-25,21.229999542236328,21.13323974609375,0.5956036677778267,1,0
2016-05-26,22.13999938964844,22.03909111022949,0.3363992045449472,0,0
2016-05-27,22.88999938964844,22.78567314147949,0.13172766402289987,0,0
2016-05-30,22.88999938964844,22.78567314147949,0.14901943087662173,0,0
2016-05-31,22.899999618530277,22.79562759399414,0.14152300390330327,0,0
2016-06-01,23.350000381469727,23.24357795715332,0.14191332528627001,0,0
2016-06-02,23.440000534057617,23.33316802978516,0.19859836025424257,0,0
2016-06-03,23.350000381469727,23.24357795715332,0.1781724903123246,0,0
2016-06-06,23.729999542236328,23.621845245361328,0.20233203868160093,0,0
2016-06-07,23.899999618530277,23.79107093811035,0.27638495936969726,0,0
2016-06-08,23.920000076293945,23.81097984313965,0.22866129019794013,0,0
2016-06-09,23.270000457763672,23.163942337036133,0.3173528622697668,0,0
2016-06-10,22.559999465942383,22.457178115844727,0.31944213417721296,0,0
2016-06-13,21.280000686645508,21.183013916015625,0.4389939923689496,0,0
2016-06-14,21.209999084472656,21.113330841064453,0.5869670284068114,0,0
2016-06-15,21.020000457763672,20.92419815063477,0.6604254667057,1,0
2016-06-16,20.3799991607666,20.287113189697266,0.765363211040393,1,0
2016-06-17,20.38999938964844,20.297067642211918,0.8564535431333481,1,0
2016-06-20,21.790000915527344,21.69068717956543,0.6967535618659102,0,0
2016-06-21,21.959999084472656,21.85991096496582,0.8650830507323621,1,0
2016-06-22,21.309999465942383,21.212875366210938,0.8513304370482861,1,0
2016-06-23,21.229999542236328,21.13323974609375,0.8719574322566037,1,0
2016-06-24,20.100000381469727,20.008390426635746,0.8343047052674223,1,0
2016-06-27,19.989999771118164,19.898889541625977,0.8835966363856455,1,0
2016-06-28,20.600000381469727,20.50611114501953,0.8886977160541907,1,0
2016-06-29,21.649999618530277,21.55132484436035,0.8645788005822702,1,0
2016-06-30,21.600000381469727,21.50155258178711,0.9337999971519747,1,0
2016-07-01,21.350000381469727,21.252695083618164,0.9516642465761572,1,0
2016-07-04,20.799999237060547,20.705198287963867,0.951440671187412,1,0
2016-07-05,20.600000381469727,20.50611114501953,0.9518510953112073,1,0
2016-07-06,20.399999618530277,20.30702209472656,0.9483119619905434,1,0
2016-07-07,20.57999992370605,20.486202239990234,0.9360273595599523,1,0
2016-07-08,20.57999992370605,20.486202239990234,0.9486928872589953,1,0
2016-07-11,20.700000762939453,20.605655670166016,0.9579302846453004,1,0
2016-07-12,20.82999992370605,20.735063552856445,0.9498470740622305,1,0
2016-07-13,21.450000762939453,21.352237701416016,0.9520590048820439,1,0
2016-07-14,21.51000022888184,21.411962509155277,0.9574056642989794,1,0
2016-07-15,21.40999984741211,21.31241798400879,0.9542838586259071,1,0
2016-07-18,21.700000762939453,21.601097106933597,0.9580099649262215,1,0
2016-07-19,22.0,21.899730682373047,0.9214868553921286,1,0
2016-07-20,22.690000534057617,22.58658599853516,0.8714228925185697,0,0
2016-07-21,22.540000915527344,22.437271118164062,0.893689646248771,1,0
2016-07-22,22.350000381469727,22.248136520385746,0.9049852668091837,1,0
2016-07-25,22.299999237060547,22.198362350463867,0.872950416912021,1,0
2016-07-26,22.459999084472656,22.35763359069824,0.8787724433342251,1,0
2016-07-27,22.0,21.899730682373047,0.8870798700654302,1,0
2016-07-28,21.6200008392334,21.52146339416504,0.8230484585590269,1,0
2016-07-29,22.6299991607666,22.526859283447266,0.7235364129619127,1,0
2016-08-01,22.850000381469727,22.74585723876953,0.793384724459732,1,0
2016-08-02,22.8700008392334,22.765766143798828,0.6856272247095888,1,0
2016-08-03,23.170000076293945,23.06439781188965,0.33159533561912835,0,0
2016-08-04,23.059999465942383,22.95489883422852,0.3290788848818717,0,0
2016-08-05,22.600000381469727,22.49699592590332,0.3302033722759256,0,0
2016-08-08,22.61000061035156,22.5069522857666,0.31022945606757546,1,0
2016-08-09,22.88999938964844,22.78567314147949,0.17494090220735614,0,0
2016-08-10,22.88999938964844,22.78567314147949,0.15221523547218588,0,0
2016-08-11,22.850000381469727,22.74585723876953,0.21732460187600028,0,0
2016-08-12,22.40999984741211,22.307861328125,0.3499877151188644,0,0
2016-08-15,22.40999984741211,22.307861328125,0.3214130747497203,0,0
2016-08-16,22.450000762939453,22.347681045532227,0.28329537317533626,0,0
2016-08-17,22.46999931335449,22.36758804321289,0.35542101077390076,0,0
2016-08-18,22.68000030517578,22.576631546020508,0.3204653431441905,0,0
2016-08-19,22.799999237060547,22.69608497619629,0.28563292202069024,0,0
2016-08-22,22.90999984741211,22.80558204650879,0.2781017154472384,0,0
2016-08-23,23.11000061035156,23.00467109680176,0.22962569929834692,0,0
2016-08-24,23.06999969482422,22.964853286743164,0.21422527794829319,0,0
2016-08-25,22.989999771118164,22.885217666625977,0.19859305447221676,0,0
2016-08-26,23.1299991607666,23.024578094482425,0.20196894964544734,0,0
2016-08-29,23.280000686645508,23.17389678955078,0.21386863893374514,0,0
2016-08-30,23.049999237060547,22.944942474365234,0.19638818903707767,0,0
2016-08-31,22.86000061035156,22.75581169128418,0.3046995119017997,0,0
2016-09-01,22.43000030517578,22.32777214050293,0.8143991571383891,1,0
2016-09-02,22.290000915527344,22.18840980529785,0.8155009460123751,1,0
2016-09-05,22.65999984741211,22.55672264099121,0.7941373731443048,1,0
2016-09-06,22.479999542236328,22.37754249572754,0.8103964847896027,1,0
2016-09-07,22.11000061035156,22.00922966003418,0.8877779374410417,1,0
2016-09-08,22.170000076293945,22.06895637512207,0.874716745922788,1,0
2016-09-09,21.979999542236328,21.87982177734375,0.8752786668191133,1,0
2016-09-12,21.950000762939453,21.849958419799805,0.8628187320661805,1,0
2016-09-13,21.850000381469727,21.75041389465332,0.8531635465761906,1,0
2016-09-14,21.850000381469727,21.75041389465332,0.9368758080184573,1,0
2016-09-15,22.0,21.899730682373047,0.9119204839284729,1,0
2016-09-16,22.0,21.899730682373047,0.9080208650369702,1,0
2016-09-19,22.0,21.899730682373047,0.8915028354291977,1,0
2016-09-20,22.350000381469727,22.248136520385746,0.945047085029807,1,0
2016-09-21,22.13999938964844,22.03909111022949,0.9203680414034058,1,0
2016-09-22,22.520000457763672,22.41736221313477,0.941839172857082,1,0
2016-09-23,22.479999542236328,22.37754249572754,0.9342723800247257,1,0
2016-09-26,22.5,22.39745140075684,0.9380441281164282,1,0
2016-09-27,22.399999618530277,22.29790687561035,0.9259468736614002,1,0
2016-09-28,22.739999771118164,22.6363582611084,0.8802235341479737,1,0
2016-09-29,22.899999618530277,22.79562759399414,0.8715179157705025,1,0
2016-09-30,22.6299991607666,22.526859283447266,0.8903077007778494,1,0
2016-10-03,22.899999618530277,22.79562759399414,0.8621824482283493,1,0
2016-10-04,23.3799991607666,23.273439407348636,0.8592918618425405,1,0
2016-10-05,23.5,23.39289283752441,0.8594367319161477,1,0
2016-10-06,23.59000015258789,23.48248291015625,0.8401412714347143,1,0
2016-10-07,23.5,23.39289283752441,0.7891616555466396,1,0
2016-10-10,23.76000022888184,23.651708602905277,0.6451749335668172,1,0
2016-10-11,24.190000534057617,24.07975006103516,0.6020911409974473,1,0
2016-10-12,25.459999084472656,25.34395980834961,0.22831462001360156,0,0
2016-10-13,24.40999984741211,24.29874610900879,0.3942653044363226,0,0
2016-10-14,25.01000022888184,24.896011352539062,0.3909119251675989,0,0
2016-10-17,25.299999237060547,25.184688568115234,0.35202673271802987,0,0
2016-10-18,24.86000061035156,24.74669647216797,0.3145805100792305,0,0
2016-10-19,24.5,24.388336181640625,0.28872755519053545,0,0
2016-10-20,24.40999984741211,24.29874610900879,0.19711388941382038,0,0
2016-10-21,24.3799991607666,24.26888084411621,0.20607775084766888,0,0
2016-10-24,24.100000381469727,23.99015998840332,0.24701987362132086,0,0
2016-10-25,24.399999618530277,24.288789749145508,0.23549849916229412,0,0
2016-10-26,25.040000915527344,24.92587661743164,0.19620522187429748,0,0
2016-10-27,24.68000030517578,24.567516326904297,0.22469869216179855,0,0
2016-10-28,24.649999618530277,24.53765106201172,0.19805886159804828,0,0
2016-10-31,24.65999984741211,24.547605514526367,0.19304414199379433,0,0
2016-11-01,24.989999771118164,24.87610244750977,0.19016073972493241,0,0
2016-11-02,24.489999771118164,24.378379821777344,0.2871636287397295,0,0
2016-11-03,24.38999938964844,24.27883529663086,0.293628325622435,0,0
2016-11-04,24.350000381469727,24.23902130126953,0.2841081889695043,0,0
2016-11-07,24.649999618530277,24.53765106201172,0.3287810825230883,1,0
2016-11-08,24.75,24.637195587158203,0.313920595481332,1,0
2016-11-09,23.700000762939453,23.591983795166016,0.47048948912654676,1,0
2016-11-10,23.5,23.39289283752441,0.5693981059452407,1,0
2016-11-11,23.600000381469727,23.49243927001953,0.5834214797827072,1,0
2016-11-14,23.350000381469727,23.24357795715332,0.7220558037159267,1,0
2016-11-15,22.559999465942383,22.457178115844727,0.820992602640657,1,0
2016-11-16,22.399999618530277,22.29790687561035,0.785235323521255,1,0
2016-11-17,22.399999618530277,22.29790687561035,0.7711354828148792,1,0
2016-11-18,22.799999237060547,22.69608497619629,0.8544528001067763,1,0
2016-11-21,22.440000534057617,22.337726593017575,0.8704132026791154,1,0
2016-11-22,22.489999771118164,22.387496948242188,0.8849116532205517,1,0
2016-11-23,23.489999771118164,23.38293838500977,0.8769635822912436,1,0
2016-11-24,24.5,24.388336181640625,0.7681985529933579,1,0
2016-11-25,24.18000030517578,24.069795608520508,0.8839947616989389,1,0
2016-11-28,24.13999938964844,24.029977798461918,0.877132894979623,1,0
2016-11-29,24.020000457763672,23.910524368286133,0.8830493623006587,1,0
2016-11-30,23.989999771118164,23.880661010742188,0.871405520119602,1,0
2016-12-01,24.01000022888184,23.900569915771484,0.8649922042727302,1,0
2016-12-02,24.059999465942383,23.950342178344727,0.8750325233668204,1,0
2016-12-05,25.299999237060547,25.184688568115234,0.8565541159748173,1,0
2016-12-06,25.649999618530277,25.53309440612793,0.8963319862774224,1,0
2016-12-07,25.01000022888184,24.896011352539062,0.9106191534850135,1,0
2016-12-08,24.770000457763672,24.657106399536133,0.9268586761127514,1,0
2016-12-09,25.649999618530277,25.53309440612793,0.8673397278192573,1,0
2016-12-12,26.600000381469727,26.4787654876709,0.7913689473737356,1,0
2016-12-13,26.649999618530277,26.528535842895508,0.7597108241681221,1,0
2016-12-14,26.75,26.628082275390625,0.7334988451047977,1,0
2016-12-15,26.940000534057617,26.817216873168945,0.6388605514771095,1,0
2016-12-16,26.899999618530277,26.77739715576172,0.7881272287636616,1,0
2016-12-19,26.68000030517578,26.55840110778809,0.8224496084005568,1,0
2016-12-20,26.899999618530277,26.77739715576172,0.843121719139818,1,0
2016-12-21,27.030000686645508,26.90680694580078,0.7963410733135914,1,0
2016-12-22,26.76000022888184,26.638036727905277,0.5653445054793014,1,0
2016-12-23,27.0,26.876941680908203,0.5931403497787693,1,0
2016-12-27,27.059999465942383,26.936668395996094,0.7467484225754132,1,0
2016-12-28,26.670000076293945,26.54844665527344,0.814414934521622,1,0
2016-12-29,27.09000015258789,26.96653175354004,0.6439358262020385,1,0
2016-12-30,27.26000022888184,27.135757446289062,0.6567948201750068,1,0
2017-01-02,28.100000381469727,27.9719295501709,0.6513483823374451,1,0
2017-01-03,28.100000381469727,27.9719295501709,0.6900559947705931,1,0
2017-01-04,28.76000022888184,28.628921508789062,0.7595343710533214,1,0
2017-01-05,28.799999237060547,28.66873550415039,0.6080003928709042,1,0
2017-01-06,28.600000381469727,28.469650268554688,0.8494200872902746,1,0
2017-01-09,28.920000076293945,28.788190841674805,0.7983565629205978,1,0
2017-01-10,28.209999084472656,28.0814266204834,0.832147988702641,1,0
2017-01-11,28.459999084472656,28.33028793334961,0.8471853009090183,1,0
2017-01-12,28.86000061035156,28.728464126586918,0.851428066216657,1,0
2017-01-13,29.299999237060547,29.16645812988281,0.6434601388381913,0,0
2017-01-16,30.5,30.36098861694336,0.5766876842241692,0,0
2017-01-17,29.799999237060547,29.664180755615234,0.7161439429190416,0,0
2017-01-18,29.32999992370605,29.19632148742676,0.7724241477459752,1,0
2017-01-19,30.290000915527344,30.15194702148437,0.7290077663035435,1,0
2017-01-20,30.26000022888184,30.122085571289062,0.7460236490425523,1,0
2017-01-23,30.700000762939453,30.56007957458496,0.7345767160595685,1,0
2017-01-24,30.450000762939453,30.31121826171875,0.7817622801040702,1,0
2017-01-25,30.989999771118164,30.848756790161133,0.7908809864327992,1,0
2017-01-26,30.75,30.60984992980957,0.7345866267713518,1,0
2017-01-27,30.600000381469727,30.460533142089844,0.6913411949445517,1,0
2017-01-30,29.770000457763672,29.63431739807129,0.6848227655996165,1,0
2017-01-31,28.25,28.121244430541992,0.7825830108817575,1,0
2017-02-01,28.96999931335449,28.83796119689941,0.7305081436703799,1,0
2017-02-02,29.200000762939453,29.06691551208496,0.7373300794090172,1,0
2017-02-03,29.07999992370605,28.94746208190918,0.7158109129147031,1,0
2017-02-06,29.309999465942383,29.17641258239746,0.6692525602212401,1,0
2017-02-07,29.049999237060547,28.9175968170166,0.7251570601318349,1,0
2017-02-08,29.0,28.867826461791992,0.7505967299846784,1,0
2017-02-09,29.0,28.867826461791992,0.7213423154218888,1,0
2017-02-10,28.13999938964844,28.01174545288086,0.7868903699524994,1,0
2017-02-13,28.600000381469727,28.469650268554688,0.69596608280575,1,0
2017-02-14,29.09000015258789,28.957416534423828,0.5602051642953799,1,0
2017-02-15,30.5,30.36098861694336,0.13450023133373537,0,0
2017-02-16,32.869998931884766,32.72018814086914,0.14079115410127793,0,0
2017-02-17,32.33000183105469,32.18265151977539,0.1385733416543126,0,0
2017-02-20,31.96999931335449,31.82428932189941,0.14473124241536311,0,0
2017-02-21,33.5,33.34731674194336,0.10875291526111781,0,0
2017-02-22,34.45000076293945,34.29298782348633,0.19777058819188692,0,0
2017-02-23,34.790000915527344,34.631439208984375,0.2134843113458815,0,0
2017-02-24,32.5,32.35187530517578,0.30501235418746997,0,0
2017-02-27,30.82999992370605,30.68948554992676,0.2916247337201981,0,0
2017-02-28,30.299999237060547,30.16189956665039,0.3294850530884597,1,0
2017-03-01,30.950000762939453,30.80893898010254,0.3175265416164497,1,0
2017-03-02,31.84000015258789,31.694881439208984,0.17637292651458977,0,0
2017-03-03,31.65999984741211,31.515703201293945,0.1715607512622883,0,0
2017-03-06,30.850000381469727,30.70939445495605,0.32863045781762845,1,0
2017-03-07,30.559999465942383,30.42071533203125,0.36578244807666194,0,0
2017-03-08,30.3799991607666,30.241535186767575,0.3846942983820578,1,0
2017-03-09,30.040000915527344,29.9030876159668,0.36127712581247123,1,0
2017-03-10,31.450000762939453,31.30666160583496,0.20395721087029167,0,0
2017-03-13,30.86000061035156,30.719348907470703,0.2604724902648195,0,0
2017-03-14,30.350000381469727,30.211673736572266,0.25542861261145217,0,0
2017-03-15,30.11000061035156,29.972768783569336,0.22381126136972204,0,0
2017-03-16,30.850000381469727,30.70939445495605,0.3157889509604309,0,0
2017-03-17,30.540000915527344,30.400808334350582,0.28717231128262277,0,0
2017-03-20,30.15999984741211,30.022541046142575,0.3081764745434945,0,0
2017-03-21,30.709999084472656,30.570032119750977,0.35234472632613145,0,0
2017-03-22,30.450000762939453,30.31121826171875,0.31212290020021516,0,0
2017-03-23,30.96999931335449,30.82884788513184,0.26092001368969914,0,0
2017-03-24,31.049999237060547,30.90848159790039,0.26492921251691365,0,0
2017-03-27,30.71999931335449,30.579986572265625,0.28582437493983726,0,0
2017-03-28,31.25,31.107572555541992,0.24482440470712963,0,0
2017-03-29,31.25,31.107572555541992,0.24194729289084965,0,0
2017-03-30,30.899999618530277,30.759166717529297,0.28417303404431393,0,0
2017-03-31,30.690000534057617,30.55012321472168,0.4379368112778074,1,0
2017-04-03,31.11000061035156,30.968210220336918,0.3464968207336359,0,0
2017-04-04,30.549999237060547,30.4107608795166,0.4159970859586898,1,0
2017-04-05,30.63999938964844,30.50035095214844,0.4671475910033238,1,0
2017-04-06,30.049999237060547,29.91304016113281,0.5298877173356754,1,0
2017-04-07,30.049999237060547,29.91304016113281,0.537158637552535,1,0
2017-04-10,29.6200008392334,29.485002517700195,0.6850501331861248,1,0
2017-04-11,29.26000022888184,29.12664222717285,0.7228219463120562,1,0
2017-04-12,28.8700008392334,28.73841857910156,0.7061030645476941,1,0
2017-04-13,27.40999984741211,27.28507232666016,0.4878511665973742,1,0
2017-04-18,25.68000030517578,25.562959671020508,0.41276651254568586,1,0
2017-04-19,27.399999618530277,27.275117874145508,0.5276162586685533,1,0
2017-04-20,27.799999237060547,27.67329406738281,0.6436094130531408,1,0
2017-04-21,27.0,26.876941680908203,0.5654204694265405,1,0
2017-04-24,28.989999771118164,28.857872009277344,0.5700800797199136,1,0
2017-04-25,29.440000534057617,29.305822372436523,0.491787151934798,1,0
2017-04-26,29.399999618530277,29.266002655029297,0.6475685519991314,1,0
2017-04-27,29.950000762939453,29.81349754333496,0.7354675295266409,1,0
2017-04-28,30.01000022888184,29.87322425842285,0.6254152889581023,1,0
2017-05-02,30.709999084472656,30.570032119750977,0.6991163604768551,1,0
2017-05-03,31.3700008392334,31.227025985717773,0.5699617168434137,0,0
2017-05-04,31.040000915527344,30.89852905273437,0.49752964007615025,0,0
2017-05-05,30.940000534057617,30.79898452758789,0.590660536541193,0,0
2017-05-08,31.700000762939453,31.55552291870117,0.5955322229989402,1,0
2017-05-09,32.15999984741211,32.013423919677734,0.6026935117548696,1,0
2017-05-10,32.349998474121094,32.20255661010742,0.5901586273999281,1,0
2017-05-11,32.2599983215332,32.11296463012695,0.27722761543415053,0,0
2017-05-12,32.209999084472656,32.063194274902344,0.2941507946416915,0,0
2017-05-15,31.920000076293945,31.77451705932617,0.27361434652154376,0,0
2017-05-16,31.649999618530277,31.505748748779297,0.23171469419814,0,0
2017-05-17,31.899999618530277,31.754608154296875,0.23692308247042657,0,0
2017-05-18,30.86000061035156,30.719348907470703,0.40524177915751075,1,0
2017-05-19,30.850000381469727,30.70939445495605,0.3374877810877773,1,0
2017-05-22,31.07999992370605,30.93834686279297,0.08423706665744113,0,0
2017-05-23,31.5,31.35643196105957,0.07716354787205999,0,0
2017-05-24,31.440000534057617,31.296707153320312,0.07541571134363939,0,0
2017-05-25,31.25,31.107572555541992,0.07211110139120867,0,0
2017-05-26,31.3700008392334,31.227025985717773,0.06771124356804814,0,0
2017-05-29,30.850000381469727,30.70939445495605,0.09314653494928804,0,0
2017-05-30,30.799999237060547,30.65962219238281,0.13366397335261662,0,0
2017-05-31,30.309999465942383,30.17185401916504,0.12078509490487603,0,0
2017-06-01,30.0,29.863269805908203,0.1455385676369304,0,0
2017-06-02,30.920000076293945,30.779075622558597,0.09175213068780076,0,0
2017-06-05,32.29999923706055,32.15278625488281,0.07425045009535056,0,0
2017-06-06,32.560001373291016,32.41160202026367,0.09114408627471715,0,0
2017-06-07,32.63999938964844,32.49123764038086,0.08375498569666164,0,0
2017-06-08,31.84000015258789,31.694881439208984,0.09758130395662712,0,0
2017-06-09,31.84000015258789,31.694881439208984,0.09091621275643677,0,0
2017-06-12,31.709999084472656,31.565475463867188,0.08385362078474132,0,0
2017-06-13,31.190000534057617,31.0478458404541,0.09874996955908465,0,0
2017-06-14,31.31999969482422,31.1772518157959,0.09897640745076397,0,0
2017-06-15,30.93000030517578,30.78903007507324,0.11098972781912896,0,0
2017-06-16,30.93000030517578,30.78903007507324,0.11857892410957907,0,0
2017-06-19,29.540000915527344,29.405366897583008,0.14133655134653977,0,0
2017-06-20,29.5,29.36554718017578,0.22460582111478708,0,0
2017-06-21,29.049999237060547,28.9175968170166,0.200440112024495,0,0
2017-06-22,29.399999618530277,29.266002655029297,0.24665724150231863,0,0
2017-06-23,29.399999618530277,29.266002655029297,0.20798877264540347,0,0
2017-06-26,29.38999938964844,29.25604820251465,0.29383194195248746,0,0
2017-06-27,29.38999938964844,29.25604820251465,0.2503755310409995,0,0
2017-06-28,29.350000381469727,29.216232299804688,0.27329405435031295,0,0
2017-06-29,29.290000915527344,29.1565055847168,0.28971039007302984,0,0
2017-06-30,29.200000762939453,29.06691551208496,0.45053430805493033,0,0
2017-07-03,28.65999984741211,28.529376983642575,0.4547062234654378,1,0
2017-07-04,28.899999618530277,28.768281936645508,0.5028922353291706,0,0
2017-07-05,28.90999984741211,28.77823638916016,0.561863653305272,0,0
2017-07-06,28.520000457763672,28.3900146484375,0.6870169052254769,1,0
2017-07-07,28.600000381469727,28.469650268554688,0.6256989361265426,1,0
2017-07-10,28.600000381469727,28.469650268554688,0.7323670544719658,1,0
2017-07-11,28.61000061035156,28.479604721069336,0.7147453373886031,1,0
2017-07-12,28.88999938964844,28.758325576782227,0.7126595074313969,0,0
2017-07-13,28.770000457763672,28.63887596130371,0.727798318950827,1,0
2017-07-14,28.75,28.61896705627441,0.7744655393066854,1,0
2017-07-17,28.76000022888184,28.628921508789062,0.6034076733751402,1,0
2017-07-18,28.65999984741211,28.529376983642575,0.6139772302827678,1,0
2017-07-19,28.96999931335449,28.83796119689941,0.4833282619488949,0,0
2017-07-20,28.75,28.61896705627441,0.6529418295424938,1,0
2017-07-21,28.96999931335449,28.83796119689941,0.563944402751388,0,0
2017-07-24,28.96999931335449,28.83796119689941,0.528624461059133,0,0
2017-07-25,29.06999969482422,28.9375057220459,0.5177284107754501,0,0
2017-07-26,29.200000762939453,29.06691551208496,0.5022987304519769,0,0
2017-07-27,29.0,28.867826461791992,0.5303852015712327,0,0
2017-07-28,29.0,28.867826461791992,0.5158903573864877,0,0
2017-07-31,28.8799991607666,28.748371124267575,0.6301497180173474,1,0
2017-08-01,28.8700008392334,28.73841857910156,0.5766168900136819,0,0
2017-08-02,28.8700008392334,28.73841857910156,0.7269737818071708,1,0
2017-08-03,29.149999618530277,29.01714134216309,0.5545228407038835,0,0
2017-08-04,29.0,28.867826461791992,0.6283216732331139,0,0
2017-08-07,28.799999237060547,28.66873550415039,0.7797479530967284,1,0
2017-08-08,28.809999465942383,28.678691864013672,0.7803681639896635,1,0
2017-08-09,28.86000061035156,28.728464126586918,0.825056557235383,1,0
2017-08-10,28.799999237060547,28.66873550415039,0.8091734052065698,1,0
2017-08-11,28.8700008392334,28.73841857910156,0.7924890482462286,1,0
2017-08-14,28.84000015258789,28.708555221557617,0.8175731030669983,1,0
2017-08-15,28.899999618530277,28.768281936645508,0.8067258858434461,1,0
2017-08-16,28.899999618530277,28.768281936645508,0.8473833478934769,1,0
2017-08-17,28.959999084472656,28.82800674438477,0.7918141406540999,1,0
2017-08-18,28.850000381469727,28.718509674072266,0.8463113436915285,1,0
2017-08-21,28.88999938964844,28.758325576782227,0.8091661312841756,1,0
2017-08-22,28.920000076293945,28.788190841674805,0.7857472775800403,1,0
2017-08-23,28.88999938964844,28.758325576782227,0.8358599549101997,1,0
2017-08-24,28.850000381469727,28.718509674072266,0.8396061328128588,1,0
2017-08-25,28.940000534057617,28.8080997467041,0.7874418857394825,1,0
2017-08-28,29.0,28.867826461791992,0.7322222150017633,1,0
2017-08-29,28.790000915527344,28.65878295898437,0.841989566195777,1,0
2017-08-30,28.93000030517578,28.798145294189453,0.7828453604010444,1,0
2017-08-31,28.989999771118164,28.857872009277344,0.7079538758814126,1,0
2017-09-01,28.940000534057617,28.8080997467041,0.7310220409960692,1,0
2017-09-04,28.959999084472656,28.82800674438477,0.6811685964779057,1,0
2017-09-05,28.959999084472656,28.82800674438477,0.7282655751025414,1,0
2017-09-06,28.96999931335449,28.83796119689941,0.6764905735411079,1,0
2017-09-07,28.88999938964844,28.758325576782227,0.7371895689399537,1,0
2017-09-08,28.950000762939453,28.81805419921875,0.7662048387643923,1,0
2017-09-11,29.0,28.867826461791992,0.6160435564962071,1,0
2017-09-12,29.34000015258789,29.206275939941406,0.22183535767719195,0,0
2017-09-13,29.450000762939453,29.31577682495117,0.20022275519310367,0,0
2017-09-14,29.450000762939453,29.31577682495117,0.21445462261121165,0,0
2017-09-15,29.280000686645508,29.14655113220215,0.25701195191152054,1,0
2017-09-18,29.18000030517578,29.047006607055664,0.3438007965536127,1,0
2017-09-19,29.309999465942383,29.17641258239746,0.3102685277154026,1,0
2017-09-20,29.270000457763672,29.1365966796875,0.32021599902165654,1,0
2017-09-21,29.75,29.614408493041992,0.13356043901979225,0,0
2017-09-22,29.600000381469727,29.465091705322266,0.15793999148468027,0,0
2017-09-25,29.40999984741211,29.275957107543945,0.29354154486219725,0,0
2017-09-26,29.68000030517578,29.544727325439453,0.1588639293405418,0,0
2017-09-27,29.5,29.36554718017578,0.2792506906331299,0,0
2017-09-28,29.3799991607666,29.24609375,0.32923585769194486,0,0
2017-09-29,29.36000061035156,29.226186752319336,0.4050070639075592,1,0
2017-10-02,29.489999771118164,29.355592727661133,0.38613068385831756,1,0
2017-10-03,29.459999084472656,29.325729370117188,0.3850025319789494,1,0
2017-10-04,29.46999931335449,29.33568382263184,0.17037573179579082,0,0
2017-10-05,29.459999084472656,29.325729370117188,0.2042465972538305,0,0
2017-10-06,29.43000030517578,29.29586601257324,0.21818604164852962,0,0
2017-10-09,29.5,29.36554718017578,0.1701170023037764,0,0
2017-10-10,29.309999465942383,29.17641258239746,0.3603582296440361,1,0
2017-10-11,29.31999969482422,29.18636703491211,0.3986485320412194,1,0
2017-10-12,29.25,29.11668586730957,0.4018823212856229,1,0
2017-10-13,29.450000762939453,29.31577682495117,0.19863418430448165,0,0
2017-10-16,29.399999618530277,29.266002655029297,0.20761706534334307,0,0
2017-10-17,29.440000534057617,29.305822372436523,0.1935269035958332,0,0
2017-10-18,29.399999618530277,29.266002655029297,0.20291076669870733,0,0
2017-10-19,29.549999237060547,29.415319442749023,0.08554743662516502,0,0
2017-10-20,29.399999618530277,29.266002655029297,0.1599874165866134,0,0
2017-10-23,29.299999237060547,29.16645812988281,0.27815262545976,0,0
2017-10-24,29.32999992370605,29.19632148742676,0.18568717606872853,0,0
2017-10-25,29.25,29.11668586730957,0.3156887732102512,1,0
2017-10-26,29.309999465942383,29.17641258239746,0.174834683317582,0,0
2017-10-27,29.479999542236328,29.345638275146484,0.09269969039425427,0,0
2017-10-30,29.549999237060547,29.415319442749023,0.07840612997947054,0,0
2017-10-31,29.540000915527344,29.405366897583008,0.07051082089070335,0,0
2017-11-01,29.350000381469727,29.216232299804688,0.15118919347588564,0,0
2017-11-02,29.450000762939453,29.31577682495117,0.12098427136673799,0,0
2017-11-03,29.399999618530277,29.266002655029297,0.18790251073775155,0,0
2017-11-06,29.3700008392334,29.236141204833984,0.17142140264555455,0,0
2017-11-07,29.350000381469727,29.216232299804688,0.21791911101627584,0,0
2017-11-08,29.420000076293945,29.285911560058597,0.14026253663998814,0,0
2017-11-09,29.3799991607666,29.24609375,0.14183080313096383,0,0
2017-11-10,29.309999465942383,29.17641258239746,0.2762279812714477,0,0
2017-11-13,29.239999771118164,29.10673141479492,0.36311754660451334,0,0
2017-11-14,29.280000686645508,29.14655113220215,0.21732068111193406,0,0
2017-11-15,29.299999237060547,29.16645812988281,0.2407156341298278,0,0
2017-11-16,29.25,29.11668586730957,0.38452741648861427,0,0
2017-11-17,29.200000762939453,29.06691551208496,0.4187710975743998,0,0
2017-11-20,29.200000762939453,29.06691551208496,0.332602101130957,0,0
2017-11-21,29.290000915527344,29.1565055847168,0.24628487660455378,0,0
2017-11-22,29.280000686645508,29.14655113220215,0.4694467556058312,0,0
2017-11-23,29.25,29.11668586730957,0.5613450645129787,1,0
2017-11-24,29.200000762939453,29.06691551208496,0.757519596033991,1,0
2017-11-27,29.200000762939453,29.06691551208496,0.7231228296013331,1,0
2017-11-28,29.170000076293945,29.037052154541016,0.8063151280763656,1,0
2017-11-29,29.1200008392334,28.987279891967773,0.8173203670546609,1,0
2017-11-30,29.07999992370605,28.94746208190918,0.8282668565944984,1,0
2017-12-01,28.899999618530277,28.768281936645508,0.7597704689981332,1,0
2017-12-04,28.950000762939453,28.81805419921875,0.8308579996564661,1,0
2017-12-05,28.950000762939453,28.81805419921875,0.8462051180752108,1,0
2017-12-06,29.09000015258789,28.957416534423828,0.7815434961192805,1,0
2017-12-07,29.06999969482422,28.9375057220459,0.782383861968204,1,0
2017-12-08,29.059999465942383,28.92755126953125,0.797876013006936,1,0
2017-12-11,28.899999618530277,28.768281936645508,0.8532737525396418,1,0
2017-12-12,28.809999465942383,28.678691864013672,0.8746485731914353,1,0
2017-12-13,28.81999969482422,28.68864631652832,0.8887770172352001,1,0
2017-12-14,28.84000015258789,28.708555221557617,0.8707841051946259,1,0
2017-12-15,28.75,28.61896705627441,0.8110754002611513,1,0
2017-12-18,28.670000076293945,28.539331436157227,0.8095256685862524,1,0
2017-12-19,28.63999938964844,28.50946807861328,0.8135790146711461,1,0
2017-12-20,28.229999542236328,28.10133552551269,0.7592235744755838,1,0
2017-12-21,29.850000381469727,29.71395301818848,0.5970178092759318,1,0
2017-12-22,29.850000381469727,29.71395301818848,0.6357872132813073,1,0
2017-12-27,29.850000381469727,29.71395301818848,0.7104522775531463,1,0
2017-12-28,29.850000381469727,29.71395301818848,0.7379728798275234,1,0
2017-12-29,29.86000061035156,29.723907470703125,0.4432107253738997,1,0
2018-01-02,30.0,29.863269805908203,0.3921472755356835,0,0
2018-01-03,30.0,29.863269805908203,0.3408752301351301,0,0
2018-01-04,29.950000762939453,29.81349754333496,0.324658780839576,0,0
2018-01-05,29.899999618530277,29.76372528076172,0.3399892602707562,1,0
2018-01-08,29.950000762939453,29.81349754333496,0.1440824596734954,0,0
2018-01-09,29.950000762939453,29.81349754333496,0.08612196319193327,0,0
2018-01-10,29.950000762939453,29.81349754333496,0.08762889979041229,0,0
2018-01-11,29.899999618530277,29.76372528076172,0.09334420627918469,0,0
2018-01-12,29.950000762939453,29.81349754333496,0.08759197290460491,0,0
2018-01-15,29.899999618530277,29.76372528076172,0.09536734844275759,0,0
2018-01-16,29.950000762939453,29.81349754333496,0.10184102464402578,0,0
2018-01-17,29.950000762939453,29.81349754333496,0.13110468717660775,0,0
2018-01-18,29.899999618530277,29.76372528076172,0.12685646924502436,0,0
2018-01-19,29.950000762939453,29.81349754333496,0.11509299165522796,0,0
2018-01-22,30.0,29.863269805908203,0.11529225581549923,0,0
2018-01-23,29.950000762939453,29.81349754333496,0.0963919470470353,0,0
2018-01-24,30.0,29.863269805908203,0.08293075544312094,0,0
2018-01-25,29.950000762939453,29.81349754333496,0.08056960757508708,0,0
2018-01-26,29.950000762939453,29.81349754333496,0.112560313421749,0,0
2018-01-29,29.950000762939453,29.81349754333496,0.10938847726353633,0,0
2018-01-30,29.950000762939453,29.81349754333496,0.12557512328916282,0,0
2018-01-31,29.950000762939453,29.81349754333496,0.1637792649515022,0,0
2018-02-01,29.950000762939453,29.81349754333496,0.2128677641629355,0,0
2018-02-02,29.950000762939453,29.81349754333496,0.3696088532264046,1,0
2018-02-05,29.950000762939453,29.81349754333496,0.38036833093827577,1,0
2018-02-06,29.950000762939453,29.81349754333496,0.36701746527438434,1,0
2018-02-07,29.950000762939453,29.81349754333496,0.38036833093827577,1,0
2018-02-08,29.850000381469727,29.71395301818848,0.581613094417104,1,0
2018-02-09,29.899999618530277,29.76372528076172,0.5090545144928541,1,0
2018-02-12,29.899999618530277,29.76372528076172,0.5090545144928541,1,0
2018-02-13,29.799999237060547,29.664180755615234,0.49929733849616525,1,0
2018-02-14,29.850000381469727,29.71395301818848,0.514053225064925,1,0
2018-02-15,29.799999237060547,29.664180755615234,0.49572882591595147,1,0
2018-02-16,29.899999618530277,29.76372528076172,0.3207589588640195,1,0
2018-02-19,29.799999237060547,29.664180755615234,0.34795087923321055,0,0
2018-02-20,29.700000762939453,29.56463623046875,0.3577481844448178,0,0
2018-02-21,29.850000381469727,29.71395301818848,0.27764427674373043,0,0
2018-02-22,29.899999618530277,29.76372528076172,0.1397961184931556,0,0
2018-02-23,29.950000762939453,29.81349754333496,0.12687896429061468,0,0
2018-02-26,29.950000762939453,29.81349754333496,0.1268972980373195,0,0
2018-02-27,29.899999618530277,29.76372528076172,0.13391019457470799,0,0
2018-02-28,29.950000762939453,29.81349754333496,0.13603751015480967,0,0
2018-03-01,29.950000762939453,29.81349754333496,0.13320432755393546,0,0
2018-03-02,30.049999237060547,29.91304016113281,0.11878172485918591,0,0
2018-03-05,30.0,29.863269805908203,0.09907065542907434,0,0
2018-03-06,30.0,29.863269805908203,0.08800630222545643,0,0
2018-03-07,30.0,29.863269805908203,0.09361458950921694,0,0
2018-03-08,30.0,29.863269805908203,0.08800630222545643,0,0
2018-03-09,30.0,29.863269805908203,0.08944353927169368,0,0
2018-03-12,30.0,29.863269805908203,0.09341380388249652,0,0
2018-03-13,30.0,29.863269805908203,0.09085174964071312,0,0
2018-03-14,30.0,29.863269805908203,0.08730973688522431,0,0
2018-03-15,30.0,29.863269805908203,0.08730973688522431,0,0
2018-03-16,30.25,30.11213111877441,0.08839469292969311,0,0
2018-03-19,29.350000381469727,29.216232299804688,0.2631304319228919,0,0
2018-03-20,28.75,28.61896705627441,0.22887837509050626,0,0
2018-03-21,27.899999618530277,27.772838592529297,0.2815216927969881,0,0
2018-03-22,27.75,27.623523712158203,0.2766692499425675,0,0
2018-03-23,27.350000381469727,27.225345611572266,0.3136270585037353,0,0
2018-03-26,27.649999618530277,27.52397918701172,0.19053461487264578,0,0
2018-03-27,27.75,27.623523712158203,0.2130403414026007,0,0
2018-03-28,27.5,27.374662399291992,0.24847182918772062,0,0
2018-03-29,27.649999618530277,27.52397918701172,0.25753082482887696,0,0
2018-04-03,27.75,27.623523712158203,0.2550059428163314,0,0
2018-04-04,27.399999618530277,27.275117874145508,0.28549741259597794,0,0
2018-04-05,26.549999237060547,26.428991317749023,0.35906544675719304,0,0
2018-04-06,25.700000762939453,25.582868576049805,0.40328463317133567,0,0
2018-04-09,25.450000762939453,25.334007263183597,0.38705267528510995,0,0
2018-04-10,25.5,25.38377952575684,0.4222286472517814,1,0
2018-04-11,25.649999618530277,25.53309440612793,0.4380814144337098,1,0
2018-04-12,25.049999237060547,24.935829162597656,0.4592198531647245,1,0
2018-04-13,24.600000381469727,24.48788070678711,0.45748566254861095,1,0
2018-04-16,23.799999237060547,23.691526412963867,0.5237883244028311,1,0
2018-04-17,24.5,24.388336181640625,0.5575783042404321,1,0
2018-04-18,24.5,24.388336181640625,0.7116828359683057,1,0
2018-04-19,25.200000762939453,25.085145950317383,0.741458508430636,1,0
2018-04-20,25.350000381469727,25.23446273803711,0.6904300510920149,1,0
2018-04-23,25.5,25.38377952575684,0.7532400809675599,1,0
2018-04-24,25.600000381469727,25.48332405090332,0.7685184303455235,1,0
2018-04-25,24.75,24.637195587158203,0.7635162423697917,1,0
2018-04-26,24.200000762939453,24.089704513549805,0.5567518937194619,1,0
2018-04-27,24.75,24.637195587158203,0.7339638704379671,1,0
2018-04-30,25.200000762939453,25.085145950317383,0.8094688451946196,1,0
2018-05-02,25.5,25.38377952575684,0.8947673809831836,1,0
2018-05-03,25.049999237060547,24.935829162597656,0.9253127165202147,1,0
2018-05-04,24.850000381469727,24.736740112304688,0.9170182275716139,1,0
2018-05-07,23.899999618530277,23.79107093811035,0.8610870255560721,1,0
2018-05-08,24.100000381469727,23.99015998840332,0.7827539247241279,1,0
2018-05-09,27.600000381469727,27.47420692443848,0.4922458587243954,0,0
2018-05-10,27.149999618530277,27.02625846862793,0.6531739682136253,1,0
2018-05-11,27.200000762939453,27.076032638549805,0.7810925353234934,1,0
2018-05-14,27.0,26.876941680908203,0.7479001407140454,1,0
2018-05-15,27.149999618530277,27.02625846862793,0.7154707024177924,1,0
2018-05-16,27.0,26.876941680908203,0.8467290518633579,1,0
2018-05-17,26.950000762939453,26.827171325683597,0.8685766957427555,1,0
2018-05-18,27.100000381469727,26.976486206054688,0.84694984211851,1,0
2018-05-21,26.899999618530277,26.77739715576172,0.8383348617852205,1,0
2018-05-22,26.850000381469727,26.72762680053711,0.8325466022263932,1,0
2018-05-23,27.299999237060547,27.175575256347656,0.8471624001606433,1,0
2018-05-24,30.75,30.60984992980957,0.25035196075511734,0,0
2018-05-25,29.850000381469727,29.71395301818848,0.2119554460332091,0,0
2018-05-28,29.799999237060547,29.664180755615234,0.20962683286927478,0,0
2018-05-29,29.799999237060547,29.664180755615234,0.22329920292262198,0,0
2018-05-30,29.799999237060547,29.664180755615234,0.33295259556833673,0,0
2018-05-31,28.600000381469727,28.469650268554688,0.6216640194645574,0,0
2018-06-01,28.5,28.370105743408203,0.6055449455851847,0,0
2018-06-04,28.049999237060547,27.922155380249023,0.3734589959648193,0,0
2018-06-05,27.600000381469727,27.47420692443848,0.4090970513820806,0,0
2018-06-06,27.149999618530277,27.02625846862793,0.5887101058467719,1,0
2018-06-07,27.75,27.623523712158203,0.493111063547307,1,0
2018-06-08,27.5,27.374662399291992,0.5626907506166612,1,0
2018-06-11,28.450000762939453,28.320335388183597,0.3430961811896629,0,0
2018-06-12,28.299999237060547,28.171016693115234,0.39415663404915774,0,0
2018-06-13,28.700000762939453,28.56919479370117,0.3626338078283988,0,0
2018-06-14,29.0,28.867826461791992,0.26939540941674045,0,0
2018-06-15,29.799999237060547,29.664180755615234,0.1856172328640045,0,0
2018-06-18,29.850000381469727,29.71395301818848,0.24671646785476614,0,0
2018-06-19,29.850000381469727,29.71395301818848,0.16332101197351112,0,0
2018-06-20,30.049999237060547,29.91304016113281,0.2546989582015024,0,0
2018-06-21,29.799999237060547,29.664180755615234,0.1475986235207893,0,0
2018-06-22,29.200000762939453,29.06691551208496,0.18369870072128766,0,0
2018-06-25,28.600000381469727,28.469650268554688,0.2796511727141754,0,0
2018-06-26,27.649999618530277,27.52397918701172,0.22626697753657748,0,0
2018-06-27,27.0,26.876941680908203,0.3541356403381093,0,0
2018-06-28,27.100000381469727,26.976486206054688,0.3950498207903061,0,0
2018-06-29,26.600000381469727,26.4787654876709,0.606206686956998,1,0
2018-07-02,27.299999237060547,27.175575256347656,0.681954113010124,1,0
2018-07-03,27.299999237060547,27.175575256347656,0.7173983464156948,1,0
2018-07-04,27.649999618530277,27.52397918701172,0.7121291467998758,1,0
2018-07-05,27.850000381469727,27.723068237304688,0.7146624661940709,1,0
2018-07-06,27.799999237060547,27.67329406738281,0.6707206570625602,1,0
2018-07-09,27.799999237060547,27.67329406738281,0.7125281661267294,1,0
2018-07-10,27.799999237060547,27.67329406738281,0.7187307201215514,1,0
2018-07-11,27.799999237060547,27.67329406738281,0.8028230954780229,1,0
2018-07-12,27.75,27.623523712158203,0.806486725371139,1,0
2018-07-13,27.25,27.12580299377441,0.7794892579727447,1,0
2018-07-16,27.5,27.374662399291992,0.7927189216520077,1,0
2018-07-17,27.450000762939453,27.32489013671875,0.7857404967283488,1,0
2018-07-18,27.799999237060547,27.67329406738281,0.9104929127618594,1,0
2018-07-19,27.799999237060547,27.67329406738281,0.9076311125223985,1,0
2018-07-20,27.0,26.876941680908203,0.9237631044301027,1,0
2018-07-23,27.0,26.876941680908203,0.9254778227571608,1,0
2018-07-24,26.299999237060547,26.180131912231445,0.8887759241129617,1,0
2018-07-25,26.399999618530277,26.27967643737793,0.8791729202553825,1,0
2018-07-26,26.75,26.628082275390625,0.8521404082077868,1,0
2018-07-27,28.850000381469727,28.718509674072266,0.7803142906817414,1,0
2018-07-30,29.299999237060547,29.16645812988281,0.7142704104982541,0,0
2018-07-31,29.399999618530277,29.266002655029297,0.6310809725594126,1,0
2018-08-01,28.5,28.370105743408203,0.8533657100155774,1,0
2018-08-02,29.299999237060547,29.16645812988281,0.5999502220359867,1,0
2018-08-03,30.0,29.863269805908203,0.4783807625976101,0,0
2018-08-06,29.75,29.614408493041992,0.6664057063857246,1,0
2018-08-07,29.700000762939453,29.56463623046875,0.6474773587852944,1,0
2018-08-08,29.700000762939453,29.56463623046875,0.5251127272113467,1,0
2018-08-09,29.950000762939453,29.81349754333496,0.32602005711388576,0,0
2018-08-10,29.600000381469727,29.465091705322266,0.21230466116459992,0,0
2018-08-13,28.649999618530277,28.51942253112793,0.31551092104503137,0,0
2018-08-14,28.649999618530277,28.51942253112793,0.3550863530030371,0,0
2018-08-15,28.549999237060547,28.419878005981445,0.4725631562397801,1,0
2018-08-16,28.350000381469727,28.22078895568848,0.5412223452376189,1,0
2018-08-17,28.299999237060547,28.171016693115234,0.5659483538751029,1,0
2018-08-20,28.25,28.121244430541992,0.5673314671536234,1,0
2018-08-21,28.600000381469727,28.469650268554688,0.44066505179606796,1,0
2018-08-22,28.600000381469727,28.469650268554688,0.35505462900055257,0,0
2018-08-23,29.0,28.867826461791992,0.2305429588011455,0,0
2018-08-24,29.100000381469727,28.96737098693848,0.19398590330108995,0,0
2018-08-27,29.200000762939453,29.06691551208496,0.10661270514900753,0,0
2018-08-28,29.75,29.614408493041992,0.18108733779732625,0,0
2018-08-29,29.799999237060547,29.664180755615234,0.13245185845562601,0,0
2018-08-30,29.600000381469727,29.465091705322266,0.13721767039425875,0,0
2018-08-31,29.799999237060547,29.664180755615234,0.08166134899116013,0,0
2018-09-03,30.100000381469727,29.962814331054688,0.07646632523816005,0,0
2018-09-04,30.75,30.60984992980957,0.144569598645495,0,0
2018-09-05,29.850000381469727,29.71395301818848,0.10606580924904428,0,0
2018-09-06,29.600000381469727,29.465091705322266,0.0809608801333166,0,0
2018-09-07,29.149999618530277,29.01714134216309,0.17081035662457933,1,0
2018-09-10,28.600000381469727,28.469650268554688,0.17024403480408587,0,0
2018-09-11,28.450000762939453,28.320335388183597,0.11327450566581648,0,0
2018-09-12,28.75,28.61896705627441,0.12435870261399515,0,0
2018-09-13,29.700000762939453,29.56463623046875,0.14081617875457536,0,0
2018-09-14,29.649999618530277,29.514863967895508,0.14091572391858684,0,0
2018-09-17,28.950000762939453,28.81805419921875,0.36948767405251015,0,0
2018-09-18,29.049999237060547,28.9175968170166,0.30732034653778695,0,0
2018-09-19,28.299999237060547,28.171016693115234,0.562283763221141,1,0
2018-09-20,28.049999237060547,27.922155380249023,0.4860340814413838,0,0
2018-09-21,28.600000381469727,28.469650268554688,0.31342378786793157,0,0
2018-09-24,29.049999237060547,28.9175968170166,0.37409580587328606,0,0
2018-09-25,29.100000381469727,28.96737098693848,0.326683633791537,0,0
2018-09-26,29.649999618530277,29.514863967895508,0.21422792890056572,0,0
2018-09-27,29.600000381469727,29.465091705322266,0.2076889624278015,0,0
2018-09-28,28.700000762939453,28.56919479370117,0.28961656658916873,0,0
2018-10-01,29.350000381469727,29.216232299804688,0.20878216507544906,0,0
2018-10-02,29.100000381469727,28.96737098693848,0.24306239286053435,0,0
2018-10-03,29.25,29.11668586730957,0.23815822898178973,0,0
2018-10-04,29.299999237060547,29.16645812988281,0.2203786007430394,0,0
2018-10-05,29.299999237060547,29.16645812988281,0.22366554258341953,0,0
2018-10-08,27.799999237060547,27.67329406738281,0.32097261714454783,0,0
2018-10-09,26.700000762939453,26.578310012817383,0.5215466995175073,0,0
2018-10-10,26.049999237060547,25.931270599365234,0.28204224736728956,0,0
2018-10-11,25.350000381469727,25.23446273803711,0.2726965640694772,0,0
2018-10-12,25.200000762939453,25.085145950317383,0.308342533369821,0,0
2018-10-15,26.700000762939453,26.578310012817383,0.3173818121692466,0,0
2018-10-16,28.299999237060547,28.171016693115234,0.2596237793720464,0,0
2018-10-17,28.5,28.370105743408203,0.256701901576378,0,0
2018-10-18,28.0,27.87238502502441,0.3446371853937222,0,0
2018-10-19,27.049999237060547,26.926713943481445,0.27114679547276355,0,0
2018-10-22,26.200000762939453,26.08058738708496,0.3524334941920632,0,0
2018-10-23,26.0,25.881498336791992,0.4076206408939794,0,0
2018-10-24,25.549999237060547,25.433549880981445,0.3171540196523427,0,0
2018-10-25,24.899999618530277,24.78651237487793,0.3671138093999939,0,0
2018-10-26,24.0,23.89061546325684,0.20637760987049128,0,0
2018-10-29,24.049999237060547,23.94038772583008,0.25468366728079567,0,0
2018-10-30,24.200000762939453,24.089704513549805,0.1752335759648375,0,0
2018-10-31,25.200000762939453,25.085145950317383,0.24230474247923073,0,0
2018-11-01,25.100000381469727,24.9856014251709,0.3159394412096629,0,0
2018-11-02,25.5,25.38377952575684,0.5490705912333699,0,0
2018-11-05,24.299999237060547,24.189247131347656,0.2162288295263271,0,0
2018-11-06,24.200000762939453,24.089704513549805,0.3418721517751822,0,0
2018-11-07,24.700000762939453,24.587425231933597,0.30213332448876024,0,0
2018-11-08,24.149999618530277,24.03993225097656,0.38481022155998157,0,0
2018-11-09,24.0,23.89061546325684,0.3695913612985678,0,0
2018-11-12,23.75,23.641754150390625,0.41713300749872745,0,0
2018-11-13,23.600000381469727,23.49243927001953,0.41728039352445734,0,0
2018-11-14,23.600000381469727,23.49243927001953,0.41111586388827986,0,0
2018-11-15,22.950000762939453,22.845399856567383,0.41605654537335307,0,0
2018-11-16,22.850000381469727,22.74585723876953,0.265508260155258,0,0
2018-11-19,22.549999237060547,22.44722366333008,0.2749971642897895,0,0
2018-11-20,22.549999237060547,22.44722366333008,0.26911756486011174,0,0
2018-11-21,21.950000762939453,21.849958419799805,0.42649871765466263,0,0
2018-11-22,20.399999618530277,20.30702209472656,0.2885465711013316,0,0
2018-11-23,19.63999938964844,19.550485610961918,0.4085799573593406,0,0
2018-11-26,19.200000762939453,19.11249351501465,0.2344266374034327,0,0
2018-11-27,18.36000061035156,18.27632141113281,0.25025651964232676,0,0
2018-11-28,21.200000762939453,21.10337829589844,0.24634057914995858,0,0
2018-11-29,21.799999237060547,21.70064163208008,0.25002718706316807,0,0
2018-11-30,21.0,20.90428924560547,0.24162627041555235,0,0
2018-12-03,21.5,21.402008056640625,0.4374344836720763,0,0
2018-12-04,20.700000762939453,20.605655670166016,0.3492352479000979,0,0
2018-12-05,20.799999237060547,20.705198287963867,0.5972742537599218,0,0
2018-12-06,19.899999618530277,19.809301376342773,0.6166451067188219,0,0
2018-12-07,18.559999465942383,18.47540664672852,0.840627180776862,1,0
2018-12-10,18.0,17.91796112060547,0.9056968806300124,1,0
2018-12-11,17.979999542236328,17.898052215576172,0.9395096686200352,1,0
2018-12-12,18.13999938964844,18.057323455810547,0.9746819304610208,1,0
2018-12-13,18.0,17.91796112060547,0.9288526843717549,1,0
2018-12-14,17.5,17.42024040222168,0.9299055348732078,1,0
2018-12-17,17.079999923706055,17.002153396606445,0.9299088618974916,1,0
2018-12-18,17.399999618530273,17.320695877075195,0.935010028323883,1,0
2018-12-19,17.899999618530273,17.818416595458984,0.9595461394534347,1,0
2018-12-20,17.559999465942383,17.479965209960938,0.9422589918080053,1,0
2018-12-21,17.5,17.42024040222168,0.9610616691158214,1,0
2018-12-24,17.100000381469727,17.022062301635742,0.9066415832237501,1,0
2018-12-27,16.760000228881836,16.683612823486328,0.932945120487488,1,0
2018-12-28,17.31999969482422,17.241060256958008,0.9408078898308163,1,0
2018-12-31,18.18000030517578,18.09714126586914,0.9568921107202438,1,0
2019-01-02,18.059999465942383,17.97768783569336,0.9571608186252597,1,0
2019-01-03,17.100000381469727,17.022062301635742,0.95775077106269,1,0
2019-01-04,17.719999313354492,17.639236450195312,0.9561971255424476,1,0
2019-01-07,17.700000762939453,17.61932945251465,0.9765109833896801,1,0
2019-01-08,19.600000381469727,19.510669708251957,0.9173434504734417,1,0
2019-01-09,22.450000762939453,22.347681045532227,0.7699360325226164,1,0
2019-01-10,24.0,23.89061546325684,0.6984928483453434,1,0
2019-01-11,26.799999237060547,26.677852630615234,0.4578058993130553,0,0
2019-01-14,25.600000381469727,25.48332405090332,0.4726354284886092,0,0
2019-01-15,23.200000762939453,23.094261169433597,0.7683186410806541,1,0
2019-01-16,22.700000762939453,22.59654235839844,0.8757213336589651,1,0
2019-01-17,21.450000762939453,21.352237701416016,0.8816042924174629,1,0
2019-01-18,21.799999237060547,21.70064163208008,0.8865498946038225,1,0
2019-01-21,23.0,22.895172119140625,0.8704522889675887,1,0
2019-01-22,24.25,24.139476776123047,0.884870373024761,1,0
2019-01-23,24.0,23.89061546325684,0.8346268424211462,1,0
2019-01-24,24.799999237060547,24.686967849731445,0.7194499651251974,1,0
2019-01-25,23.549999237060547,23.442665100097656,0.8790627251882873,1,0
2019-01-28,23.600000381469727,23.49243927001953,0.8543251462926732,1,0
2019-01-29,23.149999618530277,23.04448890686035,0.8382501192369127,1,0
2019-01-30,23.600000381469727,23.49243927001953,0.7734906138192047,1,0
2019-01-31,23.700000762939453,23.591983795166016,0.6790678141016666,1,0
2019-02-01,23.600000381469727,23.49243927001953,0.6718696847990768,1,0
2019-02-04,23.850000381469727,23.74129867553711,0.6095891966883665,1,0
2019-02-05,24.700000762939453,24.587425231933597,0.5997760902222978,1,0
2019-02-06,24.649999618530277,24.53765106201172,0.6166325305919662,1,0
2019-02-07,24.600000381469727,24.48788070678711,0.6113992886509987,1,0
2019-02-08,24.600000381469727,24.48788070678711,0.6526747207436757,1,0
2019-02-11,25.0,24.88605690002441,0.6505520331308615,1,0
2019-02-12,25.299999237060547,25.184688568115234,0.46337679632837503,1,0
2019-02-13,25.0,24.88605690002441,0.36576823908106965,1,0
2019-02-14,26.600000381469727,26.4787654876709,0.4312767034060865,1,0
2019-02-15,26.299999237060547,26.180131912231445,0.3698265699925131,1,0
2019-02-18,26.899999618530277,26.77739715576172,0.3784836627655759,1,0
2019-02-19,27.149999618530277,27.02625846862793,0.259144867665366,0,0
2019-02-20,27.149999618530277,27.02625846862793,0.16734854420359535,0,0
2019-02-21,26.799999237060547,26.677852630615234,0.24772601806591496,0,0
2019-02-22,27.0,26.876941680908203,0.23546963252963715,0,0
2019-02-25,26.899999618530277,26.77739715576172,0.18722750074576086,0,0
2019-02-26,27.049999237060547,26.926713943481445,0.25965574307769623,0,0
2019-02-27,27.100000381469727,26.976486206054688,0.2068745602971869,0,0
2019-02-28,27.200000762939453,27.076032638549805,0.28857659783723477,0,0
2019-03-01,26.5,26.37922096252441,0.21637777813821726,0,0
2019-03-04,27.25,27.12580299377441,0.2678062760570477,0,0
2019-03-05,27.399999618530277,27.275117874145508,0.3288390706938395,0,0
2019-03-06,27.450000762939453,27.32489013671875,0.31875533987569227,0,0
2019-03-07,27.549999237060547,27.4244327545166,0.34176160847820614,0,0
2019-03-08,26.149999618530277,26.03081512451172,0.3648977398119428,0,0
2019-03-11,26.299999237060547,26.180131912231445,0.3327983665966664,0,0
2019-03-12,26.399999618530277,26.27967643737793,0.35983274898273626,0,0
2019-03-13,27.200000762939453,27.076032638549805,0.2577291499477046,0,0
2019-03-14,27.149999618530277,27.02625846862793,0.31561132115178236,0,0
2019-03-15,27.600000381469727,27.47420692443848,0.32686445796760105,0,0
2019-03-18,27.450000762939453,27.32489013671875,0.3592482972562441,0,0
2019-03-19,26.299999237060547,26.180131912231445,0.5370603201127815,1,0
2019-03-20,26.25,26.130359649658203,0.5969400085154565,1,0
2019-03-21,25.649999618530277,25.53309440612793,0.6940779299265831,1,0
2019-03-22,24.75,24.637195587158203,0.7819292780041961,1,0
2019-03-25,23.950000762939453,23.840843200683597,0.7600490535197603,1,0
2019-03-26,23.700000762939453,23.591983795166016,0.8744401487759167,1,0
2019-03-27,24.049999237060547,23.94038772583008,0.8289378260093331,1,0
2019-03-28,24.25,24.139476776123047,0.8430095465273421,1,0
2019-03-29,25.299999237060547,25.184688568115234,0.7689390237990674,1,0
2019-04-01,25.299999237060547,25.184688568115234,0.8301323375775478,1,0
2019-04-02,25.149999618530277,25.03537368774414,0.8109222521340057,1,0
2019-04-03,25.399999618530277,25.28423500061035,0.8223441974910577,1,0
2019-04-04,25.049999237060547,24.935829162597656,0.8191491559029703,1,0
2019-04-05,24.600000381469727,24.48788070678711,0.8237380315369496,1,0
2019-04-08,24.700000762939453,24.587425231933597,0.6605203655940772,1,0
2019-04-09,25.149999618530277,25.03537368774414,0.786492377240981,1,0
2019-04-10,25.0,24.88605690002441,0.7392963904823285,1,0
2019-04-11,25.700000762939453,25.582868576049805,0.7913549068050117,1,0
2019-04-12,25.899999618530277,25.781953811645508,0.768844115394974,1,0
2019-04-15,25.899999618530277,25.781953811645508,0.8538841856357156,1,0
2019-04-16,26.600000381469727,26.4787654876709,0.808576107999383,1,0
2019-04-17,27.700000762939453,27.57375144958496,0.4328457246762212,0,0
2019-04-18,28.299999237060547,28.171016693115234,0.3935004055176405,0,0
2019-04-23,28.100000381469727,27.9719295501709,0.47043958929549134,0,0
2019-04-24,28.200000762939453,28.071474075317383,0.3380207417933971,0,0
2019-04-25,29.350000381469727,29.216232299804688,0.1798628669563388,0,0
2019-04-26,28.5,28.370105743408203,0.22701376411567625,0,0
2019-04-29,28.5,28.370105743408203,0.22598239249141513,0,0
2019-04-30,28.600000381469727,28.469650268554688,0.23754902066951883,0,0
2019-05-02,27.899999618530277,27.772838592529297,0.3163778754101886,0,0
2019-05-03,27.200000762939453,27.076032638549805,0.23471436907050428,0,0
2019-05-06,26.450000762939453,26.32944869995117,0.4361041830964983,0,0
2019-05-07,26.350000381469727,26.229904174804688,0.6100879284075067,1,0
2019-05-08,26.5,26.37922096252441,0.6098539223900298,1,0
2019-05-09,25.899999618530277,25.781953811645508,0.7766601808946931,1,0
2019-05-10,25.899999618530277,25.781953811645508,0.7903047085630354,1,0
2019-05-13,25.75,25.63263893127441,0.8257380546365193,1,0
2019-05-14,25.75,25.63263893127441,0.8944977414896722,1,0
2019-05-15,26.100000381469727,25.98104286193848,0.9130047685585737,1,0
2019-05-16,26.100000381469727,25.98104286193848,0.9021263929524228,1,0
2019-05-17,27.950000762939453,27.82261276245117,0.8274351626893556,1,0
2019-05-20,26.700000762939453,26.578310012817383,0.8546876923703137,1,0
2019-05-21,26.350000381469727,26.229904174804688,0.890040760962852,1,0
2019-05-22,26.700000762939453,26.578310012817383,0.8063403945398245,1,0
2019-05-23,26.200000762939453,26.08058738708496,0.8361917550441073,1,0
2019-05-24,26.200000762939453,26.08058738708496,0.7172424471199166,1,0
2019-05-27,26.75,26.628082275390625,0.6962193549557671,1,0
2019-05-28,27.0,26.876941680908203,0.6853424475121596,1,0
2019-05-29,27.600000381469727,27.47420692443848,0.6511170387795584,1,0
2019-05-30,27.399999618530277,27.275117874145508,0.6928727178401464,1,0
2019-05-31,26.75,26.628082275390625,0.7289752322440569,1,0
2019-06-03,25.950000762939453,25.831727981567383,0.6873658427540565,1,0
2019-06-04,26.75,26.628082275390625,0.697998705705315,1,0
2019-06-05,28.049999237060547,27.922155380249023,0.8619860188923921,1,0
2019-06-06,28.049999237060547,27.922155380249023,0.893808134960783,1,0
2019-06-07,28.549999237060547,28.419878005981445,0.8842248312937002,1,0
2019-06-10,28.700000762939453,28.56919479370117,0.7277426964368062,1,0
2019-06-11,28.649999618530277,28.51942253112793,0.7073973247261336,1,0
2019-06-12,28.649999618530277,28.51942253112793,0.7235937842886379,1,0
2019-06-13,28.950000762939453,28.81805419921875,0.655367691336151,1,0
2019-06-14,29.399999618530277,29.266002655029297,0.48049858721837924,1,0
2019-06-17,29.0,28.867826461791992,0.425191972662137,1,0
2019-06-18,30.0,29.863269805908203,0.3514220017376241,1,0
2019-06-19,31.0,30.85871124267578,0.3686081099075643,1,0
2019-06-20,29.799999237060547,29.664180755615234,0.43452809074720805,1,0
2019-06-21,30.25,30.11213111877441,0.4757023788782072,1,0
2019-06-24,30.899999618530277,30.759166717529297,0.471820278615562,1,0
2019-06-25,30.899999618530277,30.759166717529297,0.4773887890419514,1,0
2019-06-26,30.399999618530277,30.261444091796875,0.38243986204156366,1,0
2019-06-27,31.200000762939453,31.05780029296875,0.43287156861299375,1,0
2019-06-28,30.950000762939453,30.80893898010254,0.23022041210900956,0,0
2019-07-01,31.700000762939453,31.55552291870117,0.1983252110484973,0,0
2019-07-02,32.5,32.35187530517578,0.24016414819257265,0,0
2019-07-03,33.04999923706055,32.89936828613281,0.12417279836534169,0,0
2019-07-04,33.29999923706055,33.14822769165039,0.1186995863211346,0,0
2019-07-05,33.79999923706055,33.64595031738281,0.0782801271223053,0,0
2019-07-08,34.20000076293945,34.044124603271484,0.09284938011339028,0,0
2019-07-09,35.0,34.84048080444336,0.08947022964727003,0,0
2019-07-10,35.0,34.84048080444336,0.11147724154105648,0,0
2019-07-11,33.0,32.8495979309082,0.2749740246184458,0,0
2019-07-12,33.54999923706055,33.397090911865234,0.15064891726887694,0,0
2019-07-15,33.150001525878906,32.9989128112793,0.13363647306347504,0,0
2019-07-16,32.650001525878906,32.50119400024414,0.08690057343020506,0,0
2019-07-17,31.450000762939453,31.30666160583496,0.19109951555705024,0,0
2019-07-18,31.299999237060547,31.1573429107666,0.20225825644790477,0,0
2019-07-19,32.54999923706055,32.40164566040039,0.14297219905986944,0,0
2019-07-22,32.29999923706055,32.15278625488281,0.17120455534296125,0,0
2019-07-23,32.0,31.85415267944336,0.1400112305355669,0,0
2019-07-24,31.700000762939453,31.55552291870117,0.13070165943011308,0,0
2019-07-25,31.5,31.35643196105957,0.05822053276411318,0,0
2019-07-26,30.799999237060547,30.65962219238281,0.13909846748357854,0,0
2019-07-29,30.25,30.11213111877441,0.45961183998594146,1,0
2019-07-30,29.700000762939453,29.56463623046875,0.699867248962437,1,0
2019-07-31,30.100000381469727,29.962814331054688,0.6866914936476154,1,0
2019-08-01,30.0,29.863269805908203,0.7210338734258002,1,0
2019-08-02,29.600000381469727,29.465091705322266,0.7591670201843059,1,0
2019-08-05,29.5,29.36554718017578,0.7913317638611106,1,0
2019-08-06,29.5,29.36554718017578,0.8261790549889083,1,0
2019-08-07,30.200000762939453,30.06235885620117,0.7415878099483744,1,0
2019-08-08,30.25,30.11213111877441,0.6305184199366897,1,0
2019-08-09,30.75,30.60984992980957,0.6617248425593317,1,0
2019-08-12,30.549999237060547,30.4107608795166,0.6818563169042006,1,0
2019-08-13,30.5,30.36098861694336,0.8351375016470304,1,0
2019-08-14,30.299999237060547,30.16189956665039,0.8380624630888697,1,0
2019-08-15,30.25,30.11213111877441,0.8386402598264833,1,0
2019-08-16,30.549999237060547,30.4107608795166,0.8149177014899668,1,0
2019-08-19,30.799999237060547,30.65962219238281,0.7998481540727861,1,0
2019-08-20,30.950000762939453,30.80893898010254,0.586813182937604,1,0
2019-08-21,30.549999237060547,30.4107608795166,0.7355693030772779,1,0
2019-08-22,30.549999237060547,30.4107608795166,0.7223000605622417,1,0
2019-08-23,30.799999237060547,30.65962219238281,0.4895908383282132,0,0
2019-08-26,30.799999237060547,30.65962219238281,0.15755838858857177,0,0
2019-08-27,30.700000762939453,30.56007957458496,0.18699712627603288,0,0
2019-08-28,30.700000762939453,30.56007957458496,0.17415140056144027,0,0
2019-08-29,30.75,30.60984992980957,0.16193781080459507,0,0
2019-08-30,31.0,30.85871124267578,0.1005210393706745,0,0
2019-09-02,30.799999237060547,30.65962219238281,0.1348145485246537,0,0
2019-09-03,30.850000381469727,30.70939445495605,0.12899471440248803,0,0
2019-09-04,31.5,31.35643196105957,0.21839946024334625,0,0
2019-09-05,31.299999237060547,31.1573429107666,0.1187425640577842,0,0
2019-09-06,32.900001525878906,32.75005340576172,0.11092723475017364,0,0
2019-09-09,33.04999923706055,32.89936828613281,0.10706417421459095,0,0
2019-09-10,32.54999923706055,32.40164566040039,0.06392095446971834,0,0
2019-09-11,32.29999923706055,32.15278625488281,0.07024102706931554,0,0
2019-09-12,33.0,32.8495979309082,0.07519212293806035,0,0
2019-09-13,32.70000076293945,32.55096435546875,0.05786051770457067,0,0
2019-09-16,32.54999923706055,32.40164566040039,0.057302459501224166,0,0
2019-09-17,32.29999923706055,32.15278625488281,0.0410736375104338,0,0
2019-09-18,32.20000076293945,32.05324172973633,0.045898233277463174,0,0
2019-09-19,31.450000762939453,31.30666160583496,0.08166699159639706,0,0
2019-09-20,30.600000381469727,30.460533142089844,0.09218737384692573,0,0
2019-09-23,29.950000762939453,29.81349754333496,0.1047293066138974,0,0
2019-09-24,29.649999618530277,29.514863967895508,0.12137869071774601,0,0
2019-09-25,29.75,29.614408493041992,0.1252900175230394,0,0
2019-09-26,30.600000381469727,30.460533142089844,0.12441963735233583,0,0
2019-09-27,30.549999237060547,30.4107608795166,0.12474731744177044,0,0
2019-09-30,30.600000381469727,30.460533142089844,0.1973978941359325,0,0
2019-10-01,30.5,30.36098861694336,0.2064402885844909,0,0
2019-10-02,29.649999618530277,29.514863967895508,0.20765145666388202,0,0
2019-10-03,29.649999618530277,29.514863967895508,0.25956547676246733,0,0
2019-10-04,29.5,29.36554718017578,0.29331182335164224,0,0
2019-10-07,30.0,29.863269805908203,0.2879354759723378,0,0
2019-10-08,29.700000762939453,29.56463623046875,0.27957293708452385,0,0
2019-10-09,29.200000762939453,29.06691551208496,0.3358664346062697,1,0
2019-10-10,29.0,28.867826461791992,0.43457833609793173,1,0
2019-10-11,29.649999618530277,29.514863967895508,0.3826889197946878,1,0
2019-10-14,29.5,29.36554718017578,0.5783660023242376,1,0
2019-10-15,29.5,29.36554718017578,0.5770237442610678,1,0
2019-10-16,29.25,29.11668586730957,0.7250270222200849,1,0
2019-10-17,29.200000762939453,29.06691551208496,0.7306755105819817,1,0
2019-10-18,29.100000381469727,28.96737098693848,0.7323753576524925,1,0
2019-10-21,29.049999237060547,28.9175968170166,0.7697947056795237,1,0
2019-10-22,29.450000762939453,29.31577682495117,0.7262123560663901,1,0
2019-10-23,28.100000381469727,27.9719295501709,0.6962562687535204,1,0
2019-10-24,28.100000381469727,27.9719295501709,0.6966176924549348,1,0
2019-10-25,28.0,27.87238502502441,0.7328050918590128,1,0
2019-10-28,28.549999237060547,28.419878005981445,0.7789430954313574,1,0
2019-10-29,28.5,28.370105743408203,0.7873408655552171,1,0
2019-10-30,28.850000381469727,28.718509674072266,0.8193623416217201,1,0
2019-10-31,28.149999618530277,28.021699905395508,0.8419342979942455,1,0
2019-11-01,28.600000381469727,28.469650268554688,0.7775433561526229,1,0
2019-11-04,30.0,29.863269805908203,0.729613482053234,1,0
2019-11-05,29.649999618530277,29.514863967895508,0.7760347187079567,1,0
2019-11-06,29.850000381469727,29.71395301818848,0.741623919593974,1,0
2019-11-07,29.850000381469727,29.71395301818848,0.6669273226242932,0,0
2019-11-08,30.649999618530277,30.51030540466309,0.5208530019585864,0,0
2019-11-11,30.600000381469727,30.460533142089844,0.49610611110139585,0,0
2019-11-12,31.149999618530277,31.008028030395508,0.40490286962601907,0,0
2019-11-13,31.5,31.35643196105957,0.31321864642935715,0,0
2019-11-14,32.25,32.10301208496094,0.1901332674155627,0,0
2019-11-15,32.0,31.85415267944336,0.13184669542967015,0,0
2019-11-18,31.399999618530277,31.25688743591309,0.12517697813973222,0,0
2019-11-19,30.600000381469727,30.460533142089844,0.2306944026615015,0,0
2019-11-20,31.0,30.85871124267578,0.13584967036167117,0,0
2019-11-21,30.350000381469727,30.211673736572266,0.24170738203558992,0,0
2019-11-22,30.600000381469727,30.460533142089844,0.19444623555737237,0,0
2019-11-25,31.200000762939453,31.05780029296875,0.1199394297798297,0,0
2019-11-26,30.600000381469727,30.460533142089844,0.17411533286678038,0,0
2019-11-27,30.049999237060547,29.91304016113281,0.21702046617401002,0,0
2019-11-28,31.700000762939453,31.55552291870117,0.35482680882668866,0,0
2019-11-29,30.899999618530277,30.759166717529297,0.47754359934913687,1,0
2019-12-02,30.200000762939453,30.06235885620117,0.5993698581661996,1,0
2019-12-03,30.200000762939453,30.06235885620117,0.4986965101862433,1,0
2019-12-04,30.600000381469727,30.460533142089844,0.4987624890001314,1,0
2019-12-05,29.100000381469727,28.96737098693848,0.697691138394287,1,0
2019-12-06,29.049999237060547,28.9175968170166,0.7152852086965621,1,0
2019-12-09,29.299999237060547,29.16645812988281,0.7586022597371161,1,0
2019-12-10,29.149999618530277,29.01714134216309,0.6760217467398214,1,0
2019-12-11,29.299999237060547,29.16645812988281,0.6873856087052933,1,0
2019-12-12,29.299999237060547,29.16645812988281,0.7610695008292263,1,0
2019-12-13,29.25,29.11668586730957,0.7587316307081905,1,0
2019-12-16,29.0,28.867826461791992,0.7901255491713639,1,0
2019-12-17,29.0,28.867826461791992,0.7315365355744915,1,0
2019-12-18,29.899999618530277,29.76372528076172,0.6938313474285839,1,0
2019-12-19,29.899999618530277,29.76372528076172,0.8174592339276378,1,0
2019-12-20,30.0,29.863269805908203,0.8239796158070083,1,0
2019-12-23,29.899999618530277,29.76372528076172,0.8351777387666308,1,0
2019-12-24,29.950000762939453,29.81349754333496,0.8130604927325886,1,0
2019-12-25,29.950000762939453,29.81349754333496,0.7866270224674732,1,0
2019-12-27,30.25,30.11213111877441,0.7836887949703282,1,0
2019-12-30,31.700000762939453,31.55552291870117,0.5241170274268798,1,0
2019-12-31,31.700000762939453,31.55552291870117,0.5799627187017478,1,0
2020-01-02,31.399999618530277,31.25688743591309,0.307294986905272,1,0
2020-01-03,30.700000762939453,30.56007957458496,0.4707002626558934,1,0
2020-01-06,30.350000381469727,30.211673736572266,0.6371961223720728,1,0
2020-01-07,30.0,29.863269805908203,0.6410190287357164,1,0
2020-01-08,29.799999237060547,29.664180755615234,0.6250044340255176,1,0
2020-01-09,29.950000762939453,29.81349754333496,0.6283963851854608,1,0
2020-01-10,30.0,29.863269805908203,0.640413730725091,1,0
2020-01-13,30.350000381469727,30.211673736572266,0.541343403060396,1,0
2020-01-14,30.850000381469727,30.70939445495605,0.5433089977773651,1,0
2020-01-15,31.25,31.107572555541992,0.4740678314460405,1,0
2020-01-16,33.349998474121094,33.198001861572266,0.1454880520712908,0,0
2020-01-17,34.900001525878906,34.740936279296875,0.11462426833709279,0,0
2020-01-20,35.0,34.84048080444336,0.10407061669476463,0,0
2020-01-21,35.849998474121094,35.68660354614258,0.11737733266611049,0,0
2020-01-22,35.75,35.58706283569336,0.14307647729413306,0,0
2020-01-23,35.54999923706055,35.38797378540039,0.14310479393452596,0,0
2020-01-24,35.29999923706055,35.13911056518555,0.17364988230616696,0,0
2020-01-27,34.25,34.09389877319336,0.21163641029543223,0,0
2020-01-28,33.849998474121094,33.69572067260742,0.1661853753317837,0,0
2020-01-29,34.349998474121094,34.19343948364258,0.1320002676716046,0,0
2020-01-30,34.29999923706055,34.14366912841797,0.07306040995421687,0,0
2020-01-31,34.29999923706055,34.14366912841797,0.06986996294851398,0,0
2020-02-03,33.70000076293945,33.54640579223633,0.10962556964007829,0,0
2020-02-04,33.95000076293945,33.79526901245117,0.05531725601551669,0,0
2020-02-05,33.95000076293945,33.79526901245117,0.04639365870109188,0,0
2020-02-06,33.95000076293945,33.79526901245117,0.05028232369626062,0,0
2020-02-07,33.75,33.5961799621582,0.061698570109916404,0,0
2020-02-10,33.0,32.8495979309082,0.1082846071233562,0,0
2020-02-11,32.70000076293945,32.55096435546875,0.1299956118057768,0,0
2020-02-12,32.5,32.35187530517578,0.14372567122988644,0,0
2020-02-13,32.29999923706055,32.15278625488281,0.1252245501618252,0,0
2020-02-14,32.95000076293945,32.79982376098633,0.07876456979404503,0,0
2020-02-17,33.900001525878906,33.74549865722656,0.05244217569852527,0,0
2020-02-18,33.599998474121094,33.446861267089844,0.053288178146343006,0,0
2020-02-19,33.25,33.09845733642578,0.05687131024626275,0,0
2020-02-20,34.95000076293945,34.790706634521484,0.05378025029953107,0,0
2020-02-21,33.79999923706055,33.64595031738281,0.10912447056452129,0,0
2020-02-24,32.099998474121094,31.953697204589844,0.27630315153461804,0,0
2020-02-25,31.549999237060547,31.40620422363281,0.23543905146186156,0,0
2020-02-26,31.200000762939453,31.05780029296875,0.18151942638176,0,0
2020-02-27,30.950000762939453,30.80893898010254,0.23371900144778696,0,0
2020-02-28,29.100000381469727,28.96737098693848,0.2634062836376394,0,0
2020-03-02,28.0,27.87238502502441,0.2684927192198003,0,0
2020-03-03,29.100000381469727,28.96737098693848,0.38262734639281587,0,0
2020-03-04,30.100000381469727,29.962814331054688,0.19747573600555016,0,0
2020-03-05,29.049999237060547,28.9175968170166,0.23910375562769284,0,0
2020-03-06,28.5,28.370105743408203,0.17874479480309638,0,0
2020-03-09,25.75,25.63263893127441,0.2009577515565101,0,0
2020-03-10,26.799999237060547,26.677852630615234,0.20405846789234575,0,0
2020-03-11,25.350000381469727,25.23446273803711,0.15588802045444333,0,0
2020-03-12,23.200000762939453,23.094261169433597,0.16698186775260362,0,0
2020-03-13,23.200000762939453,23.094261169433597,0.16644973591669404,0,0
2020-03-16,19.979999542236328,19.888935089111328,0.20715658887278685,1,0
2020-03-17,21.0,20.90428924560547,0.17765915548045996,0,0
2020-03-18,21.0,20.90428924560547,0.19235640205205554,0,0
2020-03-19,21.0,20.90428924560547,0.28633559658527186,0,0
2020-03-20,24.0,23.89061546325684,0.1546268497390473,0,0
2020-03-23,21.75,21.65086936950684,0.0940551646878398,0,0
2020-03-24,23.549999237060547,23.442665100097656,0.09510978148681512,0,0
2020-03-25,22.649999618530277,22.54676818847656,0.19077605908983455,0,0
2020-03-26,23.399999618530277,23.29334831237793,0.3173792656443524,0,0
2020-03-27,22.450000762939453,22.347681045532227,0.3056409119202843,0,0
2020-03-30,21.899999618530277,21.80018615722656,0.6303600123734662,1,0
2020-03-31,21.700000762939453,21.601097106933597,0.6836634282602185,1,0
2020-04-01,21.549999237060547,21.451780319213867,0.7085223838594663,1,0
2020-04-02,21.5,21.402008056640625,0.7011395536231433,1,0
2020-04-03,21.149999618530277,21.05360412597656,0.7136413752211754,1,0
2020-04-06,21.299999237060547,21.20292091369629,0.7668009508192849,1,0
2020-04-07,21.75,21.65086936950684,0.7860001401273659,1,0
2020-04-08,21.850000381469727,21.75041389465332,0.8410265735659535,1,0
2020-04-09,21.399999618530277,21.302465438842773,0.7813343830045898,1,0
2020-04-14,21.700000762939453,21.601097106933597,0.8706954306430768,1,0
2020-04-15,20.0,19.908843994140625,0.7405773190358258,1,0
2020-04-16,19.979999542236328,19.888935089111328,0.7749528869448532,1,0
2020-04-17,20.049999237060547,19.958616256713867,0.8641919137013134,1,0
2020-04-20,20.899999618530277,20.804744720458984,0.8550800077853755,1,0
2020-04-21,20.350000381469727,20.25724983215332,0.8796093210526458,1,0
2020-04-22,20.25,20.15770530700684,0.8974909121322378,1,0
2020-04-23,19.899999618530277,19.809301376342773,0.9250273319899766,1,0
2020-04-24,21.600000381469727,21.50155258178711,0.8958446179626122,1,0
2020-04-27,22.450000762939453,22.347681045532227,0.9312638907752375,1,0
2020-04-28,22.299999237060547,22.198362350463867,0.9495796316320744,1,0
2020-04-29,22.5,22.39745140075684,0.935647017488975,1,0
2020-04-30,24.600000381469727,24.48788070678711,0.7912031396530804,1,0
2020-05-04,24.25,24.139476776123047,0.8766000872602048,1,0
2020-05-05,24.799999237060547,24.686967849731445,0.8733648774421241,1,0
2020-05-06,24.450000762939453,24.338563919067383,0.879468206373063,1,0
2020-05-07,25.100000381469727,24.9856014251709,0.7723198245868408,1,0
2020-05-08,24.649999618530277,24.53765106201172,0.8690305501771659,1,0
2020-05-11,24.649999618530277,24.53765106201172,0.8606667124741019,1,0
2020-05-12,24.0,23.89061546325684,0.8397137898520634,1,0
2020-05-13,23.0,22.895172119140625,0.7438479830370712,1,0
2020-05-14,22.5,22.39745140075684,0.7683935234068956,1,0
2020-05-15,22.399999618530277,22.29790687561035,0.6254751647135119,1,0
2020-05-18,24.549999237060547,24.438106536865234,0.5248669280985282,0,0
2020-05-19,24.25,24.139476776123047,0.6589755170823021,1,0
2020-05-20,24.5,24.388336181640625,0.6494912224787649,1,0
2020-05-21,24.5,24.388336181640625,0.3684956829841551,1,0
2020-05-22,24.350000381469727,24.23902130126953,0.38418482492552924,1,0
2020-05-25,25.0,24.88605690002441,0.3001541162684771,0,0
2020-05-26,24.0,23.89061546325684,0.4685651723213632,1,0
2020-05-27,25.0,24.88605690002441,0.18257329244703277,0,0
2020-05-28,25.200000762939453,25.085145950317383,0.19289257035270266,0,0
2020-05-29,25.0,24.88605690002441,0.1833728221749236,0,0
2020-06-01,25.149999618530277,25.03537368774414,0.16779376938639293,0,0
2020-06-02,25.350000381469727,25.23446273803711,0.17893794404592175,0,0
2020-06-03,26.899999618530277,26.77739715576172,0.20653105157898155,0,0
2020-06-04,25.799999237060547,25.682411193847656,0.19058519577630736,0,0
2020-06-05,26.600000381469727,26.4787654876709,0.2791168170272068,0,0
2020-06-08,27.350000381469727,27.225345611572266,0.24523432328547437,0,0
2020-06-09,26.149999618530277,26.03081512451172,0.24282904644441614,0,0
2020-06-10,25.799999237060547,25.682411193847656,0.25758414117896694,0,0
2020-06-11,24.200000762939453,24.089704513549805,0.17203459819643874,0,0
2020-06-12,24.700000762939453,24.587425231933597,0.14542361399525172,0,0
2020-06-15,24.549999237060547,24.438106536865234,0.22074572340244591,0,0
2020-06-16,25.549999237060547,25.433549880981445,0.20698655694586687,0,0
2020-06-17,25.600000381469727,25.48332405090332,0.20018997306684946,0,0
2020-06-18,25.149999618530277,25.03537368774414,0.22173433280328889,0,0
2020-06-19,24.700000762939453,24.587425231933597,0.2581265488591991,0,0
2020-06-22,24.350000381469727,24.23902130126953,0.26961201604655655,0,0
2020-06-23,24.149999618530277,24.03993225097656,0.2678224465026957,0,0
2020-06-24,22.649999618530277,22.54676818847656,0.5973196326210535,1,0
2020-06-25,22.200000762939453,22.098819732666016,0.7003684164594318,1,0
2020-06-26,23.5,23.39289283752441,0.39947012899407147,0,0
2020-06-29,23.450000762939453,23.343122482299805,0.5020228903899071,0,0
2020-06-30,23.049999237060547,22.944942474365234,0.6451710330846961,1,0
2020-07-01,22.5,22.39745140075684,0.6734061641182075,1,0
2020-07-02,22.299999237060547,22.198362350463867,0.7931338002536265,1,0
2020-07-03,22.299999237060547,22.198362350463867,0.8381474813305074,1,0
2020-07-06,22.299999237060547,22.198362350463867,0.8717347380809238,1,0
2020-07-07,22.200000762939453,22.098819732666016,0.8795873549465172,1,0
2020-07-08,21.600000381469727,21.50155258178711,0.8742133870200522,1,0
2020-07-09,21.75,21.65086936950684,0.8774520609474374,1,0
2020-07-10,22.0,21.899730682373047,0.88107921416151,1,0
2020-07-13,21.799999237060547,21.70064163208008,0.8920820457838953,1,0
2020-07-14,21.399999618530277,21.302465438842773,0.9421084074715925,1,0
2020-07-15,21.5,21.402008056640625,0.9323421645542145,1,0
2020-07-16,21.649999618530277,21.55132484436035,0.9578719556424228,1,0
2020-07-17,22.200000762939453,22.098819732666016,0.9115617645978038,1,0
2020-07-20,23.0,22.895172119140625,0.911684664954542,1,0
2020-07-21,23.299999237060547,23.193803787231445,0.9292973095087305,1,0
2020-07-22,22.799999237060547,22.69608497619629,0.9446474438020199,1,0
2020-07-23,23.0,22.895172119140625,0.9413133719869489,1,0
2020-07-24,22.700000762939453,22.59654235839844,0.9488921269312337,1,0
2020-07-27,23.350000381469727,23.24357795715332,0.9284011166323619,1,0
2020-07-28,24.799999237060547,24.686967849731445,0.8428787817591549,1,0
2020-07-29,23.799999237060547,23.691526412963867,0.919468274781089,1,0
2020-07-30,23.850000381469727,23.74129867553711,0.9297734042020518,1,0
2020-07-31,24.850000381469727,24.736740112304688,0.8248299358566037,1,0
2020-08-03,25.25,25.134918212890625,0.78642725017144,1,0
2020-08-04,25.350000381469727,25.23446273803711,0.745770968317634,1,0
2020-08-05,25.299999237060547,25.184688568115234,0.6438827133492901,1,0
2020-08-06,25.299999237060547,25.184688568115234,0.3845092392616547,1,0
2020-08-07,25.200000762939453,25.085145950317383,0.28073096144785403,0,0
2020-08-10,25.399999618530277,25.28423500061035,0.2730797051648803,0,0
2020-08-11,25.600000381469727,25.48332405090332,0.2543602337778174,0,0
2020-08-12,25.799999237060547,25.682411193847656,0.2922429843548643,0,0
2020-08-13,25.799999237060547,25.682411193847656,0.28086224207085886,0,0
2020-08-14,25.600000381469727,25.48332405090332,0.16293616262830496,0,0
2020-08-17,25.299999237060547,25.184688568115234,0.1656754084449715,0,0
2020-08-18,25.399999618530277,25.28423500061035,0.20185957927520815,0,0
2020-08-19,25.25,25.134918212890625,0.15478158747471263,0,0
2020-08-20,25.25,25.134918212890625,0.16186859276052068,0,0
2020-08-21,25.399999618530277,25.28423500061035,0.21918470045255087,0,0
2020-08-24,25.399999618530277,25.28423500061035,0.2285096449134952,0,0
2020-08-25,25.299999237060547,25.184688568115234,0.19646162074885068,0,0
2020-08-26,25.200000762939453,25.085145950317383,0.18837504585802084,0,0
2020-08-27,25.25,25.134918212890625,0.14989686729001278,0,0
2020-08-28,25.200000762939453,25.085145950317383,0.15457664328565832,0,0
2020-08-31,25.450000762939453,25.334007263183597,0.10455925356990134,0,0
2020-09-01,25.600000381469727,25.48332405090332,0.11641281181831727,0,0
2020-09-02,25.450000762939453,25.334007263183597,0.10971303394051993,0,0
2020-09-03,25.5,25.38377952575684,0.11387117523054513,0,0
2020-09-04,25.149999618530277,25.03537368774414,0.2180280064826033,0,0
2020-09-07,24.700000762939453,24.587425231933597,0.28886389614543834,0,0
2020-09-08,24.0,23.89061546325684,0.2398559136095893,0,0
2020-09-09,24.049999237060547,23.94038772583008,0.3332814228347772,0,0
2020-09-10,23.850000381469727,23.74129867553711,0.3284644046489514,0,0
2020-09-11,23.450000762939453,23.343122482299805,0.3347586908174224,0,0
2020-09-14,23.450000762939453,23.343122482299805,0.27054331515981245,0,0
2020-09-15,24.100000381469727,23.99015998840332,0.3758785392207454,0,0
2020-09-16,23.799999237060547,23.691526412963867,0.3723176435747792,0,0
2020-09-17,23.700000762939453,23.591983795166016,0.32407768083211763,0,0
2020-09-18,23.600000381469727,23.49243927001953,0.307661570547568,0,0
2020-09-21,23.0,22.895172119140625,0.40137981939179695,0,0
2020-09-22,23.100000381469727,22.99471664428711,0.32780665909677137,0,0
2020-09-23,22.899999618530277,22.79562759399414,0.6176137362127527,1,0
2020-09-24,21.950000762939453,21.849958419799805,0.8126653978530688,1,0
2020-09-25,20.799999237060547,20.705198287963867,0.7629998788722362,1,0
2020-09-28,21.149999618530277,21.05360412597656,0.8582643180768703,1,0
2020-09-29,22.100000381469727,21.99927520751953,0.8404387791601341,1,0
2020-09-30,21.100000381469727,21.003833770751957,0.8791430821657005,1,0
2020-10-01,21.399999618530277,21.302465438842773,0.9429082138233065,1,0
2020-10-02,21.0,20.90428924560547,0.9313631690074754,1,0
2020-10-05,21.0,20.90428924560547,0.921140231826659,1,0
2020-10-06,21.350000381469727,21.252695083618164,0.9547499006298329,1,0
2020-10-07,22.200000762939453,22.098819732666016,0.949990274862747,1,0
2020-10-08,22.799999237060547,22.69608497619629,0.9544508196085303,1,0
2020-10-09,22.799999237060547,22.69608497619629,0.9530355465525766,1,0
2020-10-12,22.649999618530277,22.54676818847656,0.9665525710142454,1,0
2020-10-13,22.799999237060547,22.69608497619629,0.9753055909734973,1,0
2020-10-14,22.850000381469727,22.74585723876953,0.9643035913154301,1,0
2020-10-15,22.75,22.646312713623047,0.9678578351088631,1,0
2020-10-16,22.75,22.646312713623047,0.959744847234039,1,0
2020-10-19,22.850000381469727,22.74585723876953,0.9582616831395778,1,0
2020-10-20,22.850000381469727,22.74585723876953,0.9567132245064046,1,0
2020-10-21,23.0,22.895172119140625,0.9685902057144157,1,0
2020-10-22,23.600000381469727,23.49243927001953,0.9549573181174809,1,0
2020-10-23,25.0,24.88605690002441,0.8087511824751917,1,0
2020-10-26,25.100000381469727,24.9856014251709,0.7526733233452353,1,0
2020-10-27,24.399999618530277,24.288789749145508,0.9045190224531893,1,0
2020-10-28,23.950000762939453,23.840843200683597,0.914897846709517,1,0
2020-10-29,24.600000381469727,24.48788070678711,0.9007655134519603,1,0
2020-10-30,24.450000762939453,24.338563919067383,0.8922862972750889,1,0
2020-11-02,24.950000762939453,24.836286544799805,0.8843796614125661,1,0
2020-11-03,24.850000381469727,24.736740112304688,0.8452976787817386,1,0
2020-11-04,24.5,24.388336181640625,0.7811494729203486,1,0
2020-11-05,24.799999237060547,24.686967849731445,0.793306940910034,1,0
2020-11-06,25.5,25.38377952575684,0.7574817277605435,1,0
2020-11-09,26.100000381469727,25.98104286193848,0.7932524488409131,1,0
2020-11-10,25.799999237060547,25.682411193847656,0.7284723176121052,1,0
2020-11-11,25.950000762939453,25.831727981567383,0.725092857806584,1,0
2020-11-12,25.5,25.38377952575684,0.7240826046453589,1,0
2020-11-13,25.950000762939453,25.831727981567383,0.7637365365121972,1,0
2020-11-16,26.5,26.37922096252441,0.8008594688944654,1,0
2020-11-17,26.5,26.37922096252441,0.7705668277124254,1,0
2020-11-18,26.399999618530277,26.27967643737793,0.7748845459636153,1,0
2020-11-19,25.950000762939453,25.831727981567383,0.7851848023066026,1,0
2020-11-20,26.200000762939453,26.08058738708496,0.7958654151472409,1,0
2020-11-23,26.0,25.881498336791992,0.49797766592628867,1,0
2020-11-24,25.350000381469727,25.23446273803711,0.4126998901306348,1,0
2020-11-25,25.5,25.38377952575684,0.47542694417642584,1,0
2020-11-26,26.299999237060547,26.180131912231445,0.4593393945720566,1,0
2020-11-27,26.450000762939453,26.32944869995117,0.5110469055628271,1,0
2020-11-30,26.5,26.37922096252441,0.5221447416658046,1,0
2020-12-01,26.549999237060547,26.428991317749023,0.5222468680533726,1,0
2020-12-02,26.950000762939453,26.827171325683597,0.6243526166032253,1,0
2020-12-03,26.299999237060547,26.180131912231445,0.5611795360252659,1,0
2020-12-04,27.0,26.876941680908203,0.6491587932740043,1,0
2020-12-07,26.75,26.628082275390625,0.6198442845300836,1,0
2020-12-08,26.75,26.628082275390625,0.474328119480841,1,0
2020-12-09,27.25,27.12580299377441,0.6185398408267623,1,0
2020-12-10,29.0,28.867826461791992,0.36753476336299506,1,0
2020-12-11,31.25,31.107572555541992,0.4024119457088822,1,0
2020-12-14,30.399999618530277,30.261444091796875,0.4779993329582111,1,0
2020-12-15,31.0,30.85871124267578,0.6122651370845742,1,0
2020-12-16,31.899999618530277,31.754608154296875,0.5454928662741506,1,0
2020-12-17,32.0,31.85415267944336,0.6216336525853594,1,0
2020-12-18,31.799999237060547,31.65506362915039,0.7232735230060134,1,0
2020-12-21,32.79999923706055,32.65050506591797,0.8183930263013358,1,0
2020-12-22,33.45000076293945,33.29754638671875,0.7752564588915678,1,0
2020-12-23,34.70000076293945,34.541847229003906,0.6152212680585148,1,0
2020-12-24,34.79999923706055,34.64139175415039,0.7287216810502,1,0
2020-12-28,37.25,37.080223083496094,0.7061328607171025,1,0
2020-12-29,38.400001525878906,38.2249870300293,0.7707448618683442,1,0
2020-12-30,37.79999923706055,37.627716064453125,0.7998053756984227,1,0
2020-12-31,37.04999923706055,36.881134033203125,0.8099784372104192,1,0
2021-01-04,35.79999923706055,35.63683319091797,0.7865875656855713,1,0
2021-01-05,36.70000076293945,36.53273391723633,0.7974254621056771,1,0
2021-01-06,36.45000076293945,36.28387451171875,0.5428271667278101,1,0
2021-01-07,39.95000076293945,39.76791763305664,0.777312804528552,1,0
2021-01-08,39.79999923706055,39.61860275268555,0.7266697062419006,1,0
2021-01-11,39.150001525878906,38.9715690612793,0.7026455631377218,1,0
2021-01-12,39.29999923706055,39.12088394165039,0.5906531992803286,1,0
2021-01-13,39.34999847412109,39.170654296875,0.48168035038264373,1,0
2021-01-14,41.29999923706055,41.11176681518555,0.5787237026975637,1,0
2021-01-15,40.900001525878906,40.71359252929688,0.5497451119364344,1,0
2021-01-18,40.79999923706055,40.614044189453125,0.5667986647832294,1,0
2021-01-19,41.34999847412109,41.16153717041016,0.5185583198550935,1,0
2021-01-20,42.0,41.80857849121094,0.44540421159499344,0,0
2021-01-21,42.0,41.80857849121094,0.2797677995821355,0,0
2021-01-22,40.79999923706055,40.614044189453125,0.3294843246709959,1,0
2021-01-25,40.70000076293945,40.51449966430664,0.1548276737442281,0,0
2021-01-26,41.29999923706055,41.11176681518555,0.1404801502377978,0,0
2021-01-27,42.0,41.80857849121094,0.19027968863207764,0,0
2021-01-28,42.650001525878906,42.45561599731445,0.15740511321747883,0,0
2021-01-29,42.650001525878906,42.45561599731445,0.15968447017617926,0,0
2021-02-01,42.900001525878906,42.70447540283203,0.1388557434480827,0,0
2021-02-02,42.95000076293945,42.75424575805664,0.11087033330700304,0,0
2021-02-03,44.5,44.29718399047852,0.07323025810378683,0,0
2021-02-04,43.79999923706055,43.600372314453125,0.06978344690257512,0,0
2021-02-05,44.0,43.799461364746094,0.07369870112263148,0,0
2021-02-08,45.5,45.292625427246094,0.10172561333300509,0,0
2021-02-09,44.04999923706055,43.8492317199707,0.08501392464877809,0,0
2021-02-10,44.150001525878906,43.94878005981445,0.04512115974324065,0,0
2021-02-11,44.0,43.799461364746094,0.06820076851117138,0,0
2021-02-12,43.5,43.30173873901367,0.048414438688284836,0,0
2021-02-15,42.34999847412109,42.156982421875,0.07450807240330067,0,0
2021-02-16,42.5,42.306297302246094,0.06026687110373599,0,0
2021-02-17,41.29999923706055,41.11176681518555,0.12742609739381147,0,0
2021-02-18,41.79999923706055,41.60948944091797,0.09591901824377463,0,0
2021-02-19,41.79999923706055,41.60948944091797,0.09410855834998244,0,0
2021-02-22,40.70000076293945,40.51449966430664,0.23149161725357845,0,0
2021-02-23,38.5,38.32452774047852,0.4640243040871526,1,0
2021-02-24,39.54999923706055,39.36974334716797,0.7237281108856843,1,0
2021-02-25,39.0,38.82225036621094,0.8187869703931391,1,0
2021-02-26,38.09999847412109,37.92634963989258,0.8119017180385674,1,0
2021-03-01,38.25,38.07566833496094,0.7772520372798354,1,0
2021-03-02,39.150001525878906,38.9715690612793,0.7629545697105331,1,0
2021-03-03,40.5,40.31541061401367,0.6918050253749529,1,0
2021-03-04,38.5,38.32452774047852,0.7286961159728101,1,0
2021-03-05,37.54999923706055,37.37885665893555,0.8099986608648498,1,0
2021-03-08,38.0,37.826805114746094,0.7260973641408595,1,0
2021-03-09,39.5,39.31997299194336,0.7413029655950335,1,0
2021-03-10,40.75,40.56427383422852,0.696028264069602,1,0
2021-03-11,40.75,40.56427383422852,0.7490146473880092,1,0
2021-03-12,40.150001525878906,39.96700668334961,0.7329362548104904,1,0
2021-03-15,40.09999847412109,39.91723251342773,0.7177413888999581,1,0
2021-03-16,40.29999923706055,40.1163215637207,0.7686630463034743,1,0
2021-03-17,40.400001525878906,40.21586990356445,0.8278348602133035,1,0
2021-03-18,40.900001525878906,40.71359252929688,0.8447467439497511,1,0
2021-03-19,40.0,39.81768798828125,0.8589173424697418,1,0
2021-03-22,40.70000076293945,40.51449966430664,0.8369869297195885,1,0
2021-03-23,40.900001525878906,40.71359252929688,0.8283148436538796,1,0
2021-03-24,41.0,40.813133239746094,0.8837219904674257,1,0
2021-03-25,40.400001525878906,40.21586990356445,0.9061051285192773,1,0
2021-03-26,40.70000076293945,40.51449966430664,0.8992376344281986,1,0
2021-03-29,41.900001525878906,41.70903396606445,0.587028342912018,1,0
2021-03-30,41.29999923706055,41.11176681518555,0.6725068666581069,1,0
2021-03-31,41.09999847412109,40.91267776489258,0.626709034734727,1,0
2021-04-01,45.0,44.79490280151367,0.45118888856399314,1,0
2021-04-06,44.75,44.546043395996094,0.5747319911003613,1,0
2021-04-07,49.29999923706055,49.07530212402344,0.4809546873811915,1,0
2021-04-08,48.70000076293945,48.47804260253906,0.5327940066992142,1,0
2021-04-09,45.54999923706055,45.3423957824707,0.6678293036487579,1,0
2021-04-12,46.34999847412109,46.13874816894531,0.37056086829762686,0,0
2021-04-13,47.900001525878906,47.68168640136719,0.29096976132986685,0,0
2021-04-14,46.95000076293945,46.73601531982422,0.31455767418385844,0,0
2021-04-15,45.70000076293945,45.49171447753906,0.3789235641088773,0,0
2021-04-16,46.650001525878906,46.437381744384766,0.33105942903691704,0,0
2021-04-19,47.0,46.78578567504883,0.22209051009866038,0,0
2021-04-20,47.54999923706055,47.33327865600586,0.21260913913001658,0,0
2021-04-21,46.5,46.28806686401367,0.22171971031597637,0,0
2021-04-22,47.650001525878906,47.43282699584961,0.23441289877381866,0,0
2021-04-23,47.79999923706055,47.5821418762207,0.1322518731115439,0,0
2021-04-26,49.5,49.274391174316406,0.1373353445942023,0,0
2021-04-27,48.95000076293945,48.726898193359375,0.12097198940212837,0,0
2021-04-28,48.84999847412109,48.62735366821289,0.12575950266969793,0,0
2021-04-29,47.95000076293945,47.73146057128906,0.13617113660661187,0,0
2021-04-30,47.0,46.78578567504883,0.0739103026668375,0,0
2021-05-03,48.29999923706055,48.079864501953125,0.06471296193497163,0,0
2021-05-04,48.54999923706055,48.3287239074707,0.06525825973212031,0,0
2021-05-05,50.400001525878906,50.170291900634766,0.11112644607728835,0,0
2021-05-06,49.20000076293945,48.97576141357422,0.2203475656825555,1,0
2021-05-07,47.25,47.03464889526367,0.3134367183251806,1,0
2021-05-10,46.150001525878906,45.93966293334961,0.3951905424219667,1,0
2021-05-11,46.04999923706055,45.84011459350586,0.38286142660715655,1,0
2021-05-12,43.70000076293945,43.50082778930664,0.6342386030416282,1,0
2021-05-13,44.79999923706055,44.5958137512207,0.6310323074180542,1,0
2021-05-14,45.34999847412109,45.14330673217773,0.5795904625709164,1,0
2021-05-17,44.900001525878906,44.69536209106445,0.6746153706921777,1,0
2021-05-18,44.20000076293945,43.99855041503906,0.8190917075741525,1,0
2021-05-19,43.54999923706055,43.35150909423828,0.7907354216486592,1,0
2021-05-20,44.34999847412109,44.14786529541016,0.7014828987092455,1,0
2021-05-21,45.34999847412109,45.14330673217773,0.6535459816484865,1,0
2021-05-24,44.900001525878906,44.69536209106445,0.7330033430755155,1,0
2021-05-25,45.29999923706055,45.093536376953125,0.7027318542078648,1,0
2021-05-26,46.400001525878906,46.18852233886719,0.6090928415513136,1,0
2021-05-27,46.79999923706055,46.58669662475586,0.5396357728862069,1,0
2021-05-28,46.79999923706055,46.58669662475586,0.5020937705399635,0,0
2021-05-31,46.900001525878906,46.68624496459961,0.6362639864749625,1,0
2021-06-01,47.54999923706055,47.33327865600586,0.5331104415776452,1,0
2021-06-02,49.45000076293945,49.2246208190918,0.24000007305672388,0,0
2021-06-03,49.650001525878906,49.423709869384766,0.19430596092092914,0,0
2021-06-04,49.70000076293945,49.473480224609375,0.21657950061257572,0,0
2021-06-07,49.5,49.274391174316406,0.1606095631763733,0,0
2021-06-08,51.70000076293945,51.4643669128418,0.19803345128196598,0,0
2021-06-09,51.900001525878906,51.663455963134766,0.19276358656304188,0,0
2021-06-10,50.0,49.77211380004883,0.2662715540368029,0,0
2021-06-11,50.20000076293945,49.9712028503418,0.18465235979502326,0,0
2021-06-14,49.84999847412109,49.62279510498047,0.17072128780834078,0,0
2021-06-15,49.45000076293945,49.2246208190918,0.178259651052971,0,0
2021-06-16,49.59999847412109,49.37393569946289,0.1285825964829646,0,0
2021-06-17,49.5,49.274391174316406,0.10878066628456294,0,0
2021-06-18,50.59999847412109,50.36937713623047,0.10160509484142088,0,0
2021-06-21,50.900001525878906,50.66801452636719,0.062498526375876724,0,0
2021-06-22,51.59999847412109,51.36482238769531,0.11538715045484703,0,0
2021-06-23,50.5,50.26983642578125,0.09453238197107881,0,0
2021-06-24,47.45000076293945,47.23373794555664,0.2773350270841181,0,0
2021-06-25,45.95000076293945,45.74057388305664,0.4869264006334861,1,0
2021-06-28,47.79999923706055,47.5821418762207,0.26193254053203924,0,0
2021-06-29,47.650001525878906,47.43282699584961,0.2928329939672755,0,0
2021-06-30,46.29999923706055,46.0889778137207,0.3372746296033726,0,0
2021-07-01,47.45000076293945,47.23373794555664,0.21239088509842702,0,0
2021-07-02,47.650001525878906,47.43282699584961,0.21652406993491835,0,0
2021-07-05,48.29999923706055,48.079864501953125,0.19111615939605922,0,0
2021-07-06,47.150001525878906,46.93510437011719,0.26603971638217017,0,0
2021-07-07,46.5,46.28806686401367,0.2525488116286051,0,0
2021-07-08,45.900001525878906,45.690799713134766,0.29777085177554197,0,0
2021-07-09,46.45000076293945,46.2382926940918,0.21541794986386206,0,0
2021-07-12,47.09999847412109,46.88533020019531,0.18780962091757747,0,0
2021-07-13,47.75,47.532371520996094,0.19089638456455385,0,0
2021-07-14,47.650001525878906,47.43282699584961,0.24074983668250835,0,0
2021-07-15,46.0,45.79034423828125,0.2213532562896991,0,0
2021-07-16,47.150001525878906,46.93510437011719,0.2629143086897109,0,0
2021-07-19,46.5,46.28806686401367,0.35091315524864486,0,0
2021-07-20,46.29999923706055,46.0889778137207,0.41745801642784297,0,0
2021-07-21,47.0,46.78578567504883,0.3875355060118971,0,0
2021-07-22,47.45000076293945,47.23373794555664,0.42769809889635513,0,0
2021-07-23,46.70000076293945,46.48715591430664,0.5177580960761345,0,0
2021-07-26,46.09999847412109,45.88988494873047,0.5525824442328732,0,0
2021-07-27,45.45000076293945,45.24285507202149,0.6578063736399314,1,0
2021-07-28,46.20000076293945,45.98943328857422,0.6235364932082271,0,0
2021-07-29,46.45000076293945,46.2382926940918,0.5419068085729729,0,0
2021-07-30,45.29999923706055,45.093536376953125,0.5840896704504609,0,0
2021-08-02,43.45000076293945,43.25196838378906,0.6855571646612478,1,0
2021-08-03,45.45000076293945,45.24285507202149,0.7575713187866995,1,0
2021-08-04,44.5,44.29718399047852,0.8242746796452813,1,0
2021-08-05,45.20000076293945,44.99399185180664,0.8544841441615256,1,0
2021-08-06,46.400001525878906,46.18852233886719,0.7989830430116514,0,0
2021-08-09,45.59999847412109,45.39216995239258,0.8766138809280302,1,0
2021-08-10,45.29999923706055,45.093536376953125,0.8789282713348021,1,0
2021-08-11,45.29999923706055,45.093536376953125,0.8790206890257825,1,0
2021-08-12,45.5,45.292625427246094,0.8782488869617512,1,0
2021-08-13,46.400001525878906,46.18852233886719,0.86339626097513,1,0
2021-08-16,45.59999847412109,45.39216995239258,0.8616627964664407,1,0
2021-08-17,45.400001525878906,45.19308471679688,0.866881030673593,1,0
2021-08-18,45.29999923706055,45.093536376953125,0.8511317329639934,1,0
2021-08-19,45.29999923706055,45.093536376953125,0.8506716035210926,1,0
2021-08-20,45.20000076293945,44.99399185180664,0.8898633544316885,1,0
2021-08-23,45.20000076293945,44.99399185180664,0.872578513975348,1,0
2021-08-24,45.79999923706055,45.59125518798828,0.8526617125662451,1,0
2021-08-25,45.70000076293945,45.49171447753906,0.8548952581802519,1,0
2021-08-26,45.20000076293945,44.99399185180664,0.8993619206165024,1,0
2021-08-27,45.25,45.04376602172852,0.8943213614308798,1,0
2021-08-30,46.54999923706055,46.33783721923828,0.8253271658012058,1,0
2021-08-31,47.0,46.78578567504883,0.8058166956563103,1,0
2021-09-01,47.20000076293945,46.98487854003906,0.7105628708306064,1,0
2021-09-02,45.400001525878906,45.19308471679688,0.8315736825719221,1,0
2021-09-03,45.20000076293945,44.99399185180664,0.8260413805959563,1,0
2021-09-06,46.04999923706055,45.84011459350586,0.7767064193592593,1,0
2021-09-07,52.79999923706055,52.55935287475586,0.35794213202566455,0,0
2021-09-08,51.5,51.26527786254883,0.5503864296623571,1,0
2021-09-09,52.79999923706055,52.55935287475586,0.3284025999740773,0,0
2021-09-10,52.20000076293945,51.96208572387695,0.3728947125369418,0,0
2021-09-13,49.59999847412109,49.37393569946289,0.5164476482746067,1,0
2021-09-14,51.20000076293945,50.96664810180664,0.5476212070905913,1,0
2021-09-15,51.29999923706055,51.06618881225586,0.7616124919397483,1,0
2021-09-16,51.29999923706055,51.06618881225586,0.7088805394237686,1,0
2021-09-17,51.900001525878906,51.663455963134766,0.7277118556112476,1,0
2021-09-20,50.0,49.77211380004883,0.783187154783284,1,0
2021-09-21,52.5,52.260719299316406,0.7349687647409862,1,0
2021-09-22,54.5,54.25160598754883,0.7394422877992223,1,0
2021-09-23,57.900001525878906,57.6361083984375,0.5585861368856053,0,0
2021-09-24,58.29999923706055,58.03428268432617,0.6238289274054998,0,0
2021-09-27,54.0,53.753883361816406,0.7515009296796681,1,0
2021-09-28,52.400001525878906,52.16117477416992,0.8350539770881239,1,0
2021-09-29,53.59999847412109,53.35570526123047,0.7027745803488782,1,0
2021-09-30,52.900001525878906,52.65889739990234,0.7343782632310395,1,0
2021-10-01,51.400001525878906,51.16573715209961,0.8173005914773553,1,0
2021-10-04,51.400001525878906,51.16573715209961,0.7670411974915916,1,0
2021-10-05,52.400001525878906,52.16117477416992,0.806427885598341,1,0
2021-10-06,51.59999847412109,51.36482238769531,0.8778854181747936,1,0
2021-10-07,50.29999923706055,50.07074737548828,0.8848443031292431,1,0
2021-10-08,50.29999923706055,50.07074737548828,0.8814806513590998,1,0
2021-10-11,50.0,49.77211380004883,0.7937293445796915,1,0
2021-10-12,51.29999923706055,51.06618881225586,0.7270319496467791,1,0
2021-10-13,51.900001525878906,51.663455963134766,0.7098033666844519,1,0
2021-10-14,53.20000076293945,52.9575309753418,0.6158282955478457,1,0
2021-10-15,52.400001525878906,52.16117477416992,0.6919161757931721,1,0
2021-10-18,55.5,55.247047424316406,0.7722800618855106,1,0
2021-10-19,55.20000076293945,54.94841384887695,0.8796818813066182,1,0
2021-10-20,56.20000076293945,55.9438591003418,0.8688901789087765,1,0
2021-10-21,57.400001525878906,57.13838958740234,0.8707259420981148,1,0
2021-10-22,58.0,57.735652923583984,0.8315358231432145,1,0
2021-10-25,56.59999847412109,56.34203338623047,0.8826677387796059,1,0
2021-10-26,55.900001525878906,55.64522552490234,0.870740534998057,1,0
2021-10-27,58.0,57.735652923583984,0.9149091800074656,1,0
2021-10-28,60.09999847412109,59.826080322265625,0.9269956965916356,1,0
2021-10-29,56.70000076293945,56.44157791137695,0.9364829798492239,1,0
2021-11-01,58.5,58.23337173461914,0.9044815092480492,1,0
2021-11-02,59.900001525878906,59.62699508666992,0.9164513212260068,1,0
2021-11-03,58.59999847412109,58.332916259765625,0.911996441154977,1,0
2021-11-04,59.70000076293945,59.42790603637695,0.9129159779177521,1,0
2021-11-05,61.900001525878906,61.61787796020508,0.9106646822080197,1,0
2021-11-08,61.79999923706055,61.518333435058594,0.8976551845314578,1,0
2021-11-09,62.29999923706055,62.016056060791016,0.9349205290446164,1,0
2021-11-10,60.29999923706055,60.025169372558594,0.9327523548790545,1,0
2021-11-11,64.80000305175781,64.5046615600586,0.884998037578583,1,0
2021-11-12,64.69999694824219,64.40511322021484,0.9472177512585179,1,0
2021-11-15,64.0,63.70830535888672,0.926532511003954,1,0
2021-11-16,65.5,65.20146942138672,0.9447701900164689,1,0
2021-11-17,64.0999984741211,63.8078498840332,0.9551808513526352,1,0
2021-11-18,64.30000305175781,64.00694274902344,0.9233675880491469,1,0
2021-11-19,67.5999984741211,67.29190063476562,0.9485561731583498,1,0
2021-11-22,67.5999984741211,67.29190063476562,0.9525704677438654,1,0
2021-11-23,65.80000305175781,65.50010681152344,0.9589855876589429,1,0
2021-11-24,68.30000305175781,67.98870849609375,0.9545286327059945,1,0
2021-11-25,67.9000015258789,67.59053802490234,0.9329696528266226,1,0
2021-11-26,66.0999984741211,65.79873657226562,0.9196828984817331,1,0
2021-11-29,67.5999984741211,67.29190063476562,0.9069478646542553,1,0
2021-11-30,64.80000305175781,64.5046615600586,0.8114802663432519,1,0
2021-12-01,69.30000305175781,68.9841537475586,0.8255415273568932,1,0
2021-12-02,69.80000305175781,69.48187255859375,0.8257735805045935,1,0
2021-12-03,70.4000015258789,70.07913970947266,0.7971841245119551,1,0
2021-12-06,67.4000015258789,67.09281158447266,0.7979552032542216,1,0
2021-12-07,72.30000305175781,71.9704818725586,0.6978651498685297,1,0
2021-12-08,70.0,69.68096160888672,0.5948861431279893,1,0
2021-12-09,71.30000305175781,70.97503662109375,0.6722024332587705,1,0
2021-12-10,70.4000015258789,70.07913970947266,0.5869939162221759,1,0
2021-12-13,72.0,71.67184448242188,0.453693971810058,0,0
2021-12-14,69.9000015258789,69.58141326904297,0.43717845999727595,1,0
2021-12-15,71.0,70.67639923095703,0.21817218783441383,0,0
2021-12-16,70.80000305175781,70.4773178100586,0.16952859725533076,0,0
2021-12-17,68.69999694824219,68.38687896728516,0.25418506047848366,0,0
2021-12-20,69.9000015258789,69.58141326904297,0.20517112681994107,0,0
2021-12-21,71.0,70.67639923095703,0.06160025988234284,0,0
2021-12-22,72.69999694824219,72.36865234375,0.06315987070964084,0,0
2021-12-23,72.4000015258789,72.07002258300781,0.062132091226786854,0,0
2021-12-24,72.30000305175781,71.9704818725586,0.06212659441674924,0,0
2021-12-27,75.0,74.65817260742188,0.09535313385645297,0,0
2021-12-28,73.80000305175781,73.4636459350586,0.08502543129891536,0,0
2021-12-29,75.9000015258789,75.55406951904297,0.12570910220455248,0,0
2021-12-30,73.80000305175781,73.4636459350586,0.16606235658530627,0,0
2021-12-31,75.19999694824219,74.85725402832031,0.08618350233799225,0,0
2022-01-03,76.80000305175781,76.4499740600586,0.12176636321130462,0,0
2022-01-04,74.5999984741211,74.2599868774414,0.10016098086859772,0,0
2022-01-05,75.30000305175781,74.95680236816406,0.057462992160470634,0,0
2022-01-06,74.19999694824219,73.86180877685547,0.06636503314042089,0,0
2022-01-07,73.5,73.16500854492188,0.0792528349424214,0,0
2022-01-10,68.30000305175781,67.98870849609375,0.3417422472155874,0,0
2022-01-11,70.5,70.17868041992188,0.27442247327730196,0,0
2022-01-12,70.0,69.68096160888672,0.21588002606979353,0,0
2022-01-13,69.80000305175781,69.48187255859375,0.31301510113635894,0,0
2022-01-14,67.4000015258789,67.09281158447266,0.7339311698922487,1,0
2022-01-17,67.0,66.69463348388672,0.8495503242226676,0,0
2022-01-18,66.4000015258789,66.09737396240234,0.932577372662126,1,0
2022-01-19,66.0,65.6991958618164,0.9370171970542716,1,0
2022-01-20,66.9000015258789,66.5950927734375,0.8582646962150992,1,0
2022-01-21,66.5,66.19691467285156,0.8288869047438157,0,0
2022-01-24,63.0,62.71286392211914,0.8218335626679876,1,0
2022-01-25,64.0,63.70830535888672,0.8441803668634543,1,0
2022-01-26,65.4000015258789,65.1019287109375,0.8090593337197917,1,0
2022-01-27,65.30000305175781,65.00238800048828,0.8337699023617249,1,0
2022-01-28,66.0,65.6991958618164,0.718001692771806,1,0
2022-01-31,67.69999694824219,67.39144134521484,0.7274956222574462,1,0
2022-02-01,68.69999694824219,68.38687896728516,0.8003215962755951,1,0
2022-02-02,68.0999984741211,67.78961181640625,0.8528476727735045,1,0
2022-02-03,68.0999984741211,67.78961181640625,0.7575503284472068,1,0
2022-02-04,65.80000305175781,65.50010681152344,0.8616413594243898,1,0
2022-02-07,67.0,66.69463348388672,0.8213241677739744,1,0
2022-02-08,66.69999694824219,66.39600372314453,0.8084237382545985,1,0
2022-02-09,69.80000305175781,69.48187255859375,0.8050445631990143,1,0
2022-02-10,69.0,68.68551635742188,0.8528935018352446,1,0
2022-02-11,67.9000015258789,67.59053802490234,0.8289903463457783,1,0
2022-02-14,64.5,64.20602416992188,0.803175967603433,1,0
2022-02-15,68.69999694824219,68.38687896728516,0.8295416445682684,1,0
2022-02-16,67.19999694824219,66.89372253417969,0.8349266354177247,1,0
2022-02-17,67.0,66.69463348388672,0.8147428801701591,1,0
2022-02-18,66.30000305175781,65.9978256225586,0.7759456730287624,1,0
2022-02-21,68.5,68.18779754638672,0.8339693654897353,1,0
2022-02-22,70.0,69.68096160888672,0.8193929696649908,1,0
2022-02-23,70.0,69.68096160888672,0.8434581404342535,1,0
2022-02-24,66.9000015258789,66.5950927734375,0.8437238596858311,1,0
2022-02-25,68.9000015258789,68.58597564697266,0.815993983219898,1,0
2022-02-28,72.0,71.67184448242188,0.8042934915606651,1,0
2022-03-01,69.80000305175781,69.48187255859375,0.8173139614689716,1,0
2022-03-02,70.4000015258789,70.07913970947266,0.7810095253719365,1,0
2022-03-03,68.69999694824219,68.38687896728516,0.7927183219023409,1,0
2022-03-04,75.0,74.65817260742188,0.7172875012758201,1,0
2022-03-07,73.69999694824219,73.36409759521484,0.8112949526536261,1,0
2022-03-08,69.4000015258789,69.08369445800781,0.7874337340661424,1,0
2022-03-09,70.4000015258789,70.07913970947266,0.7224501083470148,1,0
2022-03-10,80.69999694824219,80.33218383789062,0.6971245950287921,1,0
2022-03-11,87.4000015258789,87.00165557861328,0.6675490356528135,1,0
2022-03-14,89.4000015258789,88.99254608154297,0.5539260224907967,0,0
2022-03-15,88.0,87.59892272949219,0.6020363276533985,1,0
2022-03-16,90.0,89.58980560302734,0.4511108326833599,0,0
2022-03-17,84.0999984741211,83.7166976928711,0.709963038770361,1,0
2022-03-18,85.80000305175781,85.40895080566406,0.4741763481377056,1,0
2022-03-21,89.80000305175781,89.3907241821289,0.39643665255691435,0,0
2022-03-22,89.9000015258789,89.49026489257812,0.4788665326556675,0,0
2022-03-23,90.0,89.58980560302734,0.4538298172024414,0,0
2022-03-24,88.5,88.09664154052734,0.35670277415390067,0,0
2022-03-25,88.9000015258789,88.49481964111328,0.32070663725995374,0,0
2022-03-28,87.0999984741211,86.70301818847656,0.2701837479736949,0,0
2022-03-29,89.69999694824219,89.29116821289062,0.25333705099320253,0,0
2022-03-30,91.3000030517578,90.8838882446289,0.24475818979719724,0,0
2022-03-31,93.3000030517578,92.87476348876952,0.12948178506457758,0,0
2022-04-01,91.1999969482422,90.78433990478516,0.17300388457245663,0,0
2022-04-04,92.1999969482422,91.77976989746094,0.15253583189396971,0,0
2022-04-05,92.1999969482422,91.77976989746094,0.10948725635205407,0,0
2022-04-06,91.5,91.08296966552734,0.04093596139836973,0,0
2022-04-07,90.0,89.58980560302734,0.053748688401366075,0,0
2022-04-08,89.30000305175781,88.89299774169922,0.059544922138584325,0,0
2022-04-11,88.80000305175781,88.39527893066406,0.0708120486180811,0,0
2022-04-12,89.0,88.59436798095703,0.0708120486180811,0,0
2022-04-13,87.0999984741211,86.70301818847656,0.09378502814347461,0,0
2022-04-14,86.80000305175781,86.40438842773438,0.0758449318419752,0,0
2022-04-19,86.19999694824219,85.80712127685547,0.10288209058166119,0,0
2022-04-20,87.9000015258789,87.49937438964844,0.05425407525103272,0,0
2022-04-21,88.19999694824219,87.79800415039062,0.055079502995113896,0,0
2022-04-22,88.5,88.09664154052734,0.04446747399247716,0,0
2022-04-25,87.5999984741211,87.20074462890625,0.05390908630334698,0,0
2022-04-26,86.5,86.10575866699219,0.11917328821633134,0,0
2022-04-27,85.69999694824219,85.30939483642578,0.12368000486621149,0,0
2022-04-28,86.19999694824219,85.80712127685547,0.13041917383760634,0,0
2022-04-29,87.69999694824219,87.30028533935547,0.07914251480827415,0,0
2022-05-02,84.69999694824219,84.31396484375,0.28316442862022106,1,0
2022-05-03,87.0999984741211,86.70301818847656,0.18232154791408706,0,0
2022-05-04,86.4000015258789,86.00621032714844,0.1452342418584608,0,0
2022-05-05,83.0999984741211,82.72125244140625,0.4734872631828736,1,0
2022-05-06,80.30000305175781,79.93401336669922,0.47510780346860465,1,0
2022-05-09,77.19999694824219,76.84814453125,0.6311351958016438,1,0
2022-05-10,79.30000305175781,78.93858337402344,0.5136036342069299,1,0
2022-05-11,77.80000305175781,77.4454116821289,0.7961887055445521,1,0
2022-05-12,77.9000015258789,77.54496002197266,0.73131585791579,1,0
2022-05-13,79.5,79.13766479492188,0.5749533103886453,0,0
2022-05-16,83.0,82.62171173095703,0.5233942134407102,0,0
2022-05-17,83.0999984741211,82.72125244140625,0.43574246504387754,0,0
2022-05-18,84.0,83.61715698242188,0.3595142983738598,0,0
2022-05-19,83.9000015258789,83.51760864257812,0.5022089381837775,0,0
2022-05-20,83.30000305175781,82.92034912109375,0.35372003905522476,0,0
2022-05-23,84.0,83.61715698242188,0.33292447097332445,0,0
2022-05-24,81.0999984741211,80.7303695678711,0.39239379282127146,0,0
2022-05-25,80.30000305175781,79.93401336669922,0.32715449999289203,0,0
2022-05-26,79.5,79.13766479492188,0.21688586801175588,0,0
2022-05-27,82.0999984741211,81.7258071899414,0.2536468671012542,0,0
2022-05-30,85.4000015258789,85.01078033447266,0.2574853791142393,0,0
2022-05-31,85.0999984741211,84.71214294433594,0.3277900514552403,0,0
2022-06-01,85.30000305175781,84.9112319946289,0.3269945087037574,0,0
2022-06-02,86.5,86.10575866699219,0.29247516119043127,0,0
2022-06-03,85.9000015258789,85.50849151611328,0.27268860313352494,0,0
2022-06-06,87.4000015258789,87.00165557861328,0.2519855975282187,0,0
2022-06-07,83.5,83.11943054199219,0.2806947780268227,0,0
2022-06-08,81.5999984741211,81.22808837890625,0.4013790336899436,0,0
2022-06-09,81.69999694824219,81.32762908935547,0.34087610595448853,1,0
2022-06-10,77.0999984741211,76.74859619140625,0.4935909389693659,1,0
2022-06-13,73.5,73.16500854492188,0.760357892721427,1,0
2022-06-14,74.0,73.66272735595703,0.8802907909737845,1,0
2022-06-15,75.69999694824219,75.35498046875,0.872475655381489,1,0
2022-06-16,74.30000305175781,73.96136474609375,0.8999228017415547,1,0
2022-06-17,76.30000305175781,75.9522476196289,0.8377945327337813,1,0
2022-06-20,76.30000305175781,75.9522476196289,0.8155550070399511,1,0
2022-06-21,77.19999694824219,76.84814453125,0.7943223026897481,1,0
2022-06-22,78.69999694824219,78.34130859375,0.7890100896342571,1,0
2022-06-23,74.30000305175781,73.96136474609375,0.6603407226543916,1,0
2022-06-24,78.69999694824219,78.34130859375,0.665629287710817,1,0
2022-06-27,78.9000015258789,78.54039764404297,0.861606179513728,1,0
2022-06-28,80.5999984741211,80.2326431274414,0.8574582919342194,1,0
2022-06-29,79.0,78.63994598388672,0.88489827359537,1,0
2022-06-30,81.0,80.63082122802734,0.8962761105859189,1,0
2022-07-01,79.5,79.13766479492188,0.9152786713694295,1,0
2022-07-04,79.5,79.13766479492188,0.7639631605077588,1,0
2022-07-05,78.69999694824219,78.34130859375,0.756189130940876,1,0
2022-07-06,81.30000305175781,80.92945861816406,0.7790293532508248,1,0
2022-07-07,83.9000015258789,83.51760864257812,0.778848739407409,1,0
2022-07-08,83.5,83.11943054199219,0.7554315406053922,1,0
2022-07-11,85.0,84.61259460449219,0.7601338079073777,1,0
2022-07-12,85.0999984741211,84.71214294433594,0.7256506116014823,1,0
2022-07-13,85.0999984741211,84.71214294433594,0.8048671399046724,1,0
2022-07-14,85.4000015258789,85.01078033447266,0.6661205845648478,1,0
2022-07-15,86.0,85.6080322265625,0.8113259137722063,1,0
2022-07-18,85.80000305175781,85.40895080566406,0.7939578441563452,1,0
2022-07-19,89.0,88.59436798095703,0.8231735287905336,1,0
2022-07-20,90.9000015258789,90.48571014404295,0.7598725848424694,1,0
2022-07-21,92.0,91.5806884765625,0.7148242761047561,1,0
2022-07-22,92.0,91.5806884765625,0.751481249469046,1,0
2022-07-25,97.0999984741211,96.6574478149414,0.7450496840640443,1,0
2022-07-26,96.9000015258789,96.45836639404295,0.7392787231704511,1,0
2022-07-27,92.9000015258789,92.4765853881836,0.8529860805886518,1,0
2022-07-28,91.5999984741211,91.18251037597656,0.8395378124769004,1,0
2022-07-29,94.8000030517578,94.36793518066406,0.8372174445005944,1,0
2022-08-01,98.4000015258789,97.95152282714844,0.830368958853676,1,0
2022-08-02,96.0,95.56246185302734,0.8316632229298031,1,0
2022-08-03,97.5,97.0556182861328,0.7987358574876766,1,0
2022-08-04,98.4000015258789,97.95152282714844,0.7101006963376361,1,0
2022-08-05,95.9000015258789,95.46292114257812,0.6716553448549537,1,0
2022-08-08,96.3000030517578,95.86109924316406,0.5643903688817605,1,0
2022-08-09,93.8000030517578,93.37248992919922,0.6589510612703798,1,0
2022-08-10,98.0,97.5533447265625,0.7126636339598498,1,0
2022-08-11,99.4000015258789,98.94696044921876,0.6976173707840572,1,0
2022-08-12,102.1999969482422,101.73419952392578,0.76713561757678,1,0
2022-08-15,102.8000030517578,102.33147430419922,0.537946862178428,1,0
2022-08-16,103.0,102.53055572509766,0.4156204698483406,0,0
2022-08-17,101.4000015258789,100.93785095214844,0.3442375812915619,1,0
2022-08-18,103.0,102.53055572509766,0.3513931855972738,0,0
2022-08-19,102.0,101.53511810302734,0.14307807299700281,0,0
2022-08-22,102.0,101.53511810302734,0.10651662754955525,0,0
2022-08-23,102.1999969482422,101.73419952392578,0.07832963618284666,0,0
2022-08-24,103.4000015258789,102.9287338256836,0.06177322144842823,0,0
2022-08-25,105.0,104.5214385986328,0.08885753705054958,0,0
2022-08-26,104.0,103.52599334716795,0.08436613114060357,0,0
2022-08-29,99.9000015258789,99.44468688964844,0.11308575754596112,0,0
2022-08-30,98.6999969482422,98.25015258789062,0.10021410539362122,0,0
2022-08-31,99.5,99.0465087890625,0.05908066765062525,0,0
2022-09-01,98.5,98.05106353759766,0.07091953470148457,0,0
2022-09-02,100.0,99.54422760009766,0.05873567261062649,0,0
2022-09-05,104.0,103.52599334716795,0.04445051661742722,0,0
2022-09-06,105.4000015258789,104.91961669921876,0.03636783600525437,0,0
2022-09-07,108.5999984741211,108.10503387451172,0.11124781518970289,0,0
2022-09-08,108.0,107.5077667236328,0.2812263774202958,0,0
2022-09-09,108.4000015258789,107.90594482421876,0.34242786361409405,0,0
2022-09-12,106.0,105.51688385009766,0.34917738519452135,0,0
2022-09-13,101.1999969482422,100.73875427246094,0.34446376347482927,0,0
2022-09-14,102.4000015258789,101.93329620361328,0.2454788783933806,0,0
2022-09-15,100.8000030517578,100.34058380126952,0.4479088201627356,0,0
2022-09-16,98.1999969482422,97.75242614746094,0.7516532301429979,1,0
2022-09-19,97.1999969482422,96.75698852539062,0.6074401484770845,1,0
2022-09-20,96.0,95.56246185302734,0.7677404478351209,1,0
2022-09-21,94.6999969482422,94.26837921142578,0.8940590319081698,1,0
2022-09-22,90.5,90.08753204345705,0.9035590871535956,1,0
2022-09-23,88.19999694824219,87.79800415039062,0.8715441282565645,1,0
2022-09-26,88.5,88.09664154052734,0.8448300985190577,1,0
2022-09-27,90.3000030517578,89.88844299316406,0.8795161451571224,1,0
2022-09-28,94.6999969482422,94.26837921142578,0.8820349956113797,1,0
2022-09-29,92.0999984741211,91.68022918701172,0.8933431987944371,1,0
2022-09-30,95.9000015258789,95.46292114257812,0.8535104537185254,1,0
2022-10-03,95.5999984741211,95.1642837524414,0.8781073885709015,1,0
2022-10-04,98.9000015258789,98.4492416381836,0.8707135856953603,1,0
2022-10-05,96.4000015258789,95.96063995361328,0.925279003986037,1,0
2022-10-06,99.5,99.0465087890625,0.9395444640210506,1,0
2022-10-07,95.0,94.5670166015625,0.9171893954909403,1,0
2022-10-10,93.4000015258789,92.97431182861328,0.8883386123218137,1,0
2022-10-11,94.9000015258789,94.46747589111328,0.8249840500461002,1,0
2022-10-12,95.9000015258789,95.46292114257812,0.7706481201576475,1,0
2022-10-13,97.5999984741211,97.15515899658205,0.756912601098005,1,0
2022-10-14,98.4000015258789,97.95152282714844,0.8218843018303909,1,0
2022-10-17,100.5999984741211,100.14149475097656,0.843425125173283,1,0
2022-10-18,103.1999969482422,102.72964477539062,0.8984882956488663,1,0
2022-10-19,103.4000015258789,102.9287338256836,0.9258516649107459,1,0
2022-10-20,103.0,102.53055572509766,0.8843684713978416,1,0
2022-10-21,105.0,104.5214385986328,0.9129678318531809,1,0
2022-10-24,104.5999984741211,104.12326049804688,0.9205544786784872,1,0
2022-10-25,105.4000015258789,104.91961669921876,0.9248118341796846,1,0
2022-10-26,106.0,105.51688385009766,0.9175149204712645,1,0
2022-10-27,107.8000030517578,107.30868530273438,0.8770613995211491,1,0
2022-10-28,114.8000030517578,114.27677917480467,0.9464503005072624,1,0
2022-10-31,115.0,114.47586822509766,0.7315787701508866,1,0
2022-11-01,114.0,113.4804229736328,0.8324291834766292,1,0
2022-11-02,110.5999984741211,110.09591674804688,0.9248231255815903,1,0
2022-11-03,109.4000015258789,108.90138244628906,0.9335066003807423,1,0
2022-11-04,113.1999969482422,112.68406677246094,0.8920460259127648,1,0
2022-11-07,114.5999984741211,114.07769012451172,0.8638015127836614,1,0
2022-11-08,114.4000015258789,113.87860107421876,0.7578366030672822,1,0
2022-11-09,121.4000015258789,120.84669494628906,0.6489962012755475,1,0
2022-11-10,128.8000030517578,128.2129669189453,0.52172150273613,1,0
2022-11-11,132.0,131.3983917236328,0.3583483502176624,0,0
2022-11-14,135.0,134.3847198486328,0.4051612741404827,0,0
2022-11-15,135.60000610351562,134.98199462890625,0.3664312017710674,0,0
2022-11-16,127.1999969482422,126.62025451660156,0.6055881410532107,1,0
2022-11-17,125.8000030517578,125.22664642333984,0.47639233409012877,0,0
2022-11-18,126.0,125.42572784423828,0.36304125814296756,0,0
2022-11-21,120.8000030517578,120.24943542480467,0.364495885711751,1,0
2022-11-22,118.1999969482422,117.6612777709961,0.5707070586103151,1,0
2022-11-23,122.4000015258789,121.84213256835938,0.3127519604104267,1,0
2022-11-24,123.0,122.43939971923828,0.2561562771988598,0,0
2022-11-25,124.0,123.43484497070312,0.22981034775861361,0,0
2022-11-28,127.8000030517578,127.21752166748048,0.23465848436657824,0,0
2022-11-29,127.8000030517578,127.21752166748048,0.22551751332318723,0,0
2022-11-30,131.1999969482422,130.60202026367188,0.08732810545167013,0,0
2022-12-01,131.39999389648438,130.80111694335938,0.07631244233138017,0,0
2022-12-02,133.60000610351562,132.99110412597656,0.11924709428585506,0,0
2022-12-05,137.0,136.37559509277344,0.16656208040595039,0,0
2022-12-06,130.1999969482422,129.60658264160156,0.19512906984333137,0,0
2022-12-07,130.60000610351562,130.00477600097656,0.05011356687710761,0,0
2022-12-08,130.8000030517578,130.203857421875,0.05498804993784842,0,0
2022-12-09,130.60000610351562,130.00477600097656,0.060136517568963675,0,0
2022-12-12,133.1999969482422,132.59291076660156,0.05599811055953392,0,0
2022-12-13,129.0,128.41204833984375,0.1058626392773405,0,0
2022-12-14,128.1999969482422,127.6156997680664,0.06238016841852236,0,0
2022-12-15,125.0,124.43029022216795,0.24606258346247945,1,0
2022-12-16,124.8000030517578,124.231201171875,0.14233164599902873,1,0
2022-12-19,123.8000030517578,123.23575592041016,0.05568937937755151,0,0
2022-12-20,123.0,122.43939971923828,0.07697954930746412,0,0
2022-12-21,123.8000030517578,123.23575592041016,0.06360432326571187,0,0
2022-12-22,121.1999969482422,120.64759826660156,0.16241470063678978,1,0
2022-12-23,121.5999984741211,121.0457763671875,0.14698168177475276,1,0
2022-12-27,123.5999984741211,123.0366668701172,0.08260423518248194,0,0
2022-12-28,122.4000015258789,121.84213256835938,0.06588120118738706,0,0
2022-12-29,124.4000015258789,123.83302307128906,0.06299601016221916,0,0
2022-12-30,122.0,121.44395446777344,0.07821090933186152,0,0
2023-01-02,122.8000030517578,122.24031829833984,0.07852586421387305,0,0
2023-01-03,121.0,120.44852447509766,0.10260653515472963,0,0
2023-01-04,114.8000030517578,114.27677917480467,0.35456248048279576,0,0
2023-01-05,109.8000030517578,109.299560546875,0.7834982477635343,1,0
2023-01-06,111.4000015258789,110.89227294921876,0.8356819294552665,1,0
2023-01-09,114.8000030517578,114.27677917480467,0.9007493830428394,1,0
2023-01-10,119.1999969482422,118.65672302246094,0.7653496713057435,1,0
2023-01-11,125.4000015258789,124.8284683227539,0.10768186963670762,0,0
2023-01-12,124.4000015258789,123.83302307128906,0.12549212561960188,0,0
2023-01-13,125.5999984741211,125.02754974365234,0.16829629865022314,0,0
2023-01-16,128.1999969482422,127.6156997680664,0.21192875484901996,0,0
2023-01-17,119.1999969482422,118.65672302246094,0.3739406264657359,1,0
2023-01-18,122.4000015258789,121.84213256835938,0.19765870147496442,0,0
2023-01-19,120.4000015258789,119.85125732421876,0.26343259598362256,0,0
2023-01-20,121.8000030517578,121.244873046875,0.20925461580705942,0,0
2023-01-23,124.4000015258789,123.83302307128906,0.2091660974106718,0,0
2023-01-24,120.1999969482422,119.65216064453124,0.30588572444262535,1,0
2023-01-25,117.8000030517578,117.26310729980467,0.36423669604451553,1,0
2023-01-26,112.0,111.48954010009766,0.7688617316730505,1,0
2023-01-27,116.4000015258789,115.8694839477539,0.6846213343378986,1,0
2023-01-30,111.0,110.4940948486328,0.8601495283676726,1,0
2023-01-31,115.0,114.47586822509766,0.8516344114050703,1,0
2023-02-01,113.0,112.48497772216795,0.8680737702948178,1,0
2023-02-02,118.4000015258789,117.86036682128906,0.30012218253170636,0,0
2023-02-03,122.4000015258789,121.84213256835938,0.15726842849257508,0,0
2023-02-06,121.4000015258789,120.84669494628906,0.1425903440035601,0,0
2023-02-07,121.4000015258789,120.84669494628906,0.1939035782407542,0,0
2023-02-08,124.8000030517578,124.231201171875,0.1842841617381149,0,0
2023-02-09,120.4000015258789,119.85125732421876,0.23718470200004196,0,0
2023-02-10,119.4000015258789,118.8558120727539,0.2059058312839754,0,0
2023-02-13,119.5999984741211,119.05490112304688,0.20209795839826866,0,0
2023-02-14,120.1999969482422,119.65216064453124,0.17173277372295445,0,0
2023-02-15,122.0,121.44395446777344,0.17279336937312278,0,0
2023-02-16,118.1999969482422,117.6612777709961,0.21588938737782393,0,0
2023-02-17,117.4000015258789,116.86492919921876,0.20085177777140678,0,0
2023-02-20,121.4000015258789,120.84669494628906,0.1932084273984056,0,0
2023-02-21,124.4000015258789,123.83302307128906,0.15428908377377673,0,0
2023-02-22,121.4000015258789,120.84669494628906,0.17121581519627355,0,0
2023-02-23,121.8000030517578,121.244873046875,0.1900139439978718,0,0
2023-02-24,117.5999984741211,117.0640106201172,0.15383685213414636,0,0
2023-02-27,119.4000015258789,118.8558120727539,0.09674362811651788,0,0
2023-02-28,119.5999984741211,119.05490112304688,0.11727022328275495,0,0
2023-03-01,117.1999969482422,116.66583251953124,0.24089605633570155,0,0
2023-03-02,117.0,116.46674346923828,0.1912964442340158,0,0
2023-03-03,117.4000015258789,116.86492919921876,0.14395901950917855,0,0
2023-03-06,117.1999969482422,116.66583251953124,0.1332449836724997,0,0
2023-03-07,115.4000015258789,114.87403869628906,0.22350642701263254,0,0
2023-03-08,116.5999984741211,116.06856536865234,0.1645665633416818,0,0
2023-03-09,107.1999969482422,106.71141052246094,0.8467492590757191,1,0
2023-03-10,105.4000015258789,104.91961669921876,0.8150826542036926,1,0
2023-03-13,103.5999984741211,103.12781524658205,0.8733659128189416,1,0
2023-03-14,111.1999969482422,110.69317626953124,0.7914571271363575,0,0
2023-03-15,109.0,108.50321197509766,0.9105956201828583,1,0
2023-03-16,107.8000030517578,107.30868530273438,0.8587247659346681,1,0
2023-03-17,106.0,105.51688385009766,0.907258037831104,1,0
2023-03-20,108.1999969482422,107.70685577392578,0.8130883690671691,1,0
2023-03-21,106.4000015258789,105.9150619506836,0.8428972475708899,1,0
2023-03-22,105.1999969482422,104.72052764892578,0.8926963146535102,1,0
2023-03-23,108.4000015258789,107.90594482421876,0.8427267490912294,1,0
2023-03-24,108.0,107.5077667236328,0.8667551327242208,1,0
2023-03-27,108.5999984741211,108.10503387451172,0.8844978185630759,1,0
2023-03-28,106.8000030517578,106.31324005126952,0.8744775555851395,1,0
2023-03-29,107.4000015258789,106.91050720214844,0.8255226032320317,1,0
2023-03-30,107.5999984741211,107.10958862304688,0.7575610432388464,1,0
2023-03-31,109.4000015258789,108.90138244628906,0.8274743547993528,1,0
2023-04-03,109.0,108.50321197509766,0.9013913602557617,1,0
2023-04-04,112.1999969482422,111.6886215209961,0.8419277739294316,1,0
2023-04-05,108.4000015258789,107.90594482421876,0.8926919859045175,1,0
2023-04-06,108.8000030517578,108.30413055419922,0.8632854753492686,1,0
2023-04-11,108.1999969482422,107.70685577392578,0.8542134838655119,1,0
2023-04-12,107.1999969482422,106.71141052246094,0.8497530191231122,1,0
2023-04-13,108.5999984741211,108.10503387451172,0.8232632364669836,1,0
2023-04-14,110.5999984741211,110.09591674804688,0.8299959792827029,1,0
2023-04-17,109.5999984741211,109.10047149658205,0.8376723558645877,1,0
2023-04-18,108.4000015258789,107.90594482421876,0.8625317680962027,1,0
2023-04-19,112.0,111.48954010009766,0.8050594077527725,1,0
2023-04-20,110.4000015258789,109.8968276977539,0.8160130756412248,1,0
2023-04-21,110.8000030517578,110.29500579833984,0.8040658959964581,1,0
2023-04-24,113.0,112.48497772216795,0.8191185037527636,1,0
2023-04-25,112.0,111.48954010009766,0.8484788648847267,1,0
2023-04-26,112.0,111.48954010009766,0.7646279269723062,1,0
2023-04-27,150.0,149.31634521484375,0.40877419089727934,1,0
2023-04-28,145.0,144.33914184570312,0.4045539280664619,1,0
2023-05-02,150.0,149.31634521484375,0.35776322474512817,1,0
2023-05-03,159.39999389648438,158.6735076904297,0.34798870539577853,0,0
2023-05-04,162.39999389648438,161.65982055664062,0.2971033582797989,1,0
2023-05-05,166.0,165.24342346191406,0.32324121316403753,0,1
2023-05-08,161.0,160.26620483398438,0.3680719478796131,1,1
2023-05-09,157.8000030517578,157.08079528808594,0.4478352551296061,1,1
2023-05-10,149.8000030517578,149.11724853515625,0.4449632377827525,1,1
2023-05-11,152.1999969482422,151.50631713867188,0.356556198051197,1,1
2023-05-12,152.60000610351562,151.9044952392578,0.35985685503211223,1,1
2023-05-15,152.60000610351562,151.9044952392578,0.3040893078069476,1,1
2023-05-16,150.39999389648438,149.71450805664062,0.2431876624330598,1,1
2023-05-17,149.39999389648438,148.7190704345703,0.10657762411283025,1,1
2023-05-18,154.0,153.29811096191406,0.1486658950108876,1,1
2023-05-19,153.8000030517578,153.09902954101562,0.062058420578638925,1,1
2023-05-22,153.8000030517578,153.09902954101562,0.062282206895099015,1,1
2023-05-23,150.1999969482422,149.5154266357422,0.07212254306540763,1,1
2023-05-24,145.1999969482422,144.53822326660156,0.10524060959873971,1,1
2023-05-25,152.0,151.30722045898438,0.032239996640319867,1,1
2023-05-26,159.0,158.27532958984375,0.08645752096756913,0,1
2023-05-29,156.8000030517578,156.08535766601562,0.09633015285771013,0,1
2023-05-30,155.8000030517578,155.0899200439453,0.08715704368698304,0,1
2023-05-31,157.60000610351562,156.8817138671875,0.12165575843217007,0,1
2023-06-01,162.60000610351562,161.85891723632812,0.13449425661862027,0,1
2023-06-02,161.60000610351562,160.8634796142578,0.12290221347880399,0,1
2023-06-05,163.8000030517578,163.05345153808594,0.14561132578893177,0,1
2023-06-06,164.8000030517578,164.04888916015625,0.1382414338695773,0,1
2023-06-07,164.0,163.25253295898438,0.036004716299519436,0,1
2023-06-08,163.8000030517578,163.05345153808594,0.027395486206212644,0,1
2023-06-09,165.60000610351562,164.84524536132812,0.061588214389063096,0,1
2023-06-12,167.8000030517578,167.03521728515625,0.06676967230963217,0,1
2023-06-13,172.39999389648438,171.61424255371094,0.19302096838456956,0,1
2023-06-14,172.39999389648438,171.61424255371094,0.2776000688169095,0,1
2023-06-15,167.39999389648438,166.6370391845703,0.16997212460895827,0,1
2023-06-16,172.1999969482422,171.41514587402344,0.21390178761768452,0,1
2023-06-19,169.60000610351562,168.8270263671875,0.13648102878153828,0,1
2023-06-20,168.60000610351562,167.83157348632812,0.1497185411813551,0,1
2023-06-21,166.8000030517578,166.03977966308594,0.032457320860436185,0,1
2023-06-22,166.8000030517578,166.03977966308594,0.0259144383065491,0,1
2023-06-23,69.5999984741211,69.28278350830078,0.7358931322855033,1,1
2023-06-26,80.5999984741211,80.2326431274414,0.7927155518053596,1,1
2023-06-27,96.3000030517578,95.86109924316406,0.6988038370014203,1,1
2023-06-28,87.30000305175781,86.90211486816406,0.7019091836796575,1,1
2023-06-29,98.3000030517578,97.85197448730467,0.7875953905512559,1,1
2023-06-30,94.0,93.57157135009766,0.6579502220911673,1,1
2023-07-03,92.0999984741211,91.68022918701172,0.6527579540621864,1,1
2023-07-04,92.8000030517578,92.37704467773438,0.7140067388323867,1,1
2023-07-05,90.1999969482422,89.78889465332031,0.8352964200772273,1,1
2023-07-06,88.30000305175781,87.8975601196289,0.8446276531431379,1,1
2023-07-07,116.1999969482422,115.6703872680664,0.5534909443765814,1,1
2023-07-10,120.1999969482422,119.65216064453124,0.5475495524279135,0,1
2023-07-11,129.8000030517578,129.2084197998047,0.34803803443153547,0,1
2023-07-12,133.8000030517578,133.190185546875,0.3680880841183069,0,1
2023-07-13,135.0,134.3847198486328,0.3076625285355943,0,1
2023-07-14,133.1999969482422,132.59291076660156,0.34468946761098374,0,1
2023-07-17,123.8000030517578,123.23575592041016,0.4660491658032725,0,1
2023-07-18,133.0,132.39382934570312,0.410810797090869,0,1
2023-07-19,131.39999389648438,130.80111694335938,0.41934843643545333,0,1
2023-07-20,130.1999969482422,129.60658264160156,0.3930428634595986,0,1
2023-07-21,130.0,129.40750122070312,0.4249500226755145,0,1
2023-07-24,132.60000610351562,131.9956512451172,0.3755484687191881,0,1
2023-07-25,131.39999389648438,130.80111694335938,0.40404758771339266,0,1
2023-07-26,132.0,131.3983917236328,0.4516696700440024,0,1
2023-07-27,136.1999969482422,135.5792236328125,0.4085286634617042,0,1
2023-07-28,123.1999969482422,122.63848876953124,0.45873520943969753,0,1
2023-07-31,117.8000030517578,117.26310729980467,0.3221352216756059,0,1
2023-08-01,117.1999969482422,116.66583251953124,0.40875508893008416,0,1
2023-08-02,113.4000015258789,112.8831558227539,0.8386532326922748,0,1
2023-08-03,114.8000030517578,114.27677917480467,0.8255917661948815,0,1
2023-08-04,117.1999969482422,116.66583251953124,0.4890756040217785,0,1
2023-08-07,119.0,118.45763397216795,0.4132464106967317,0,1
2023-08-08,114.8000030517578,114.27677917480467,0.8228331706909714,0,1
2023-08-09,115.4000015258789,114.87403869628906,0.43825032461062086,0,1
2023-08-10,116.4000015258789,115.8694839477539,0.37776330125161034,0,1
2023-08-11,113.0,112.48497772216795,0.8515737134450755,0,1
2023-08-14,111.1999969482422,110.69317626953124,0.8380278647680302,1,1
2023-08-15,110.4000015258789,109.8968276977539,0.8812108684756705,1,1
2023-08-16,111.4000015258789,110.89227294921876,0.7661409213799455,1,1
2023-08-17,110.8000030517578,110.29500579833984,0.8271206735616066,1,1
2023-08-18,107.0,106.5123291015625,0.8777506359956218,1,1
2023-08-21,107.0,106.5123291015625,0.883247155857457,1,1
2023-08-22,108.0,107.5077667236328,0.7763479980061618,1,1
2023-08-23,108.5999984741211,108.10503387451172,0.8343400151956681,1,1
2023-08-24,106.8000030517578,106.31324005126952,0.8180986613794518,1,1
2023-08-25,104.8000030517578,104.32234954833984,0.6441253559684629,1,1
2023-08-28,104.8000030517578,104.32234954833984,0.7449387770349195,1,1
2023-08-29,107.5999984741211,107.10958862304688,0.672646626738715,1,1
2023-08-30,109.1999969482422,108.70230102539062,0.7584929766532094,1,1
2023-08-31,109.4000015258789,108.90138244628906,0.7865324164595453,1,1
2023-09-01,107.5999984741211,107.10958862304688,0.8438031154258931,1,1
2023-09-04,109.1999969482422,108.70230102539062,0.9097373793429172,1,1
2023-09-05,107.4000015258789,106.91050720214844,0.9220234084664554,1,1
2023-09-06,107.1999969482422,106.71141052246094,0.8961716454922971,1,1
2023-09-07,108.1999969482422,107.70685577392578,0.9001732897283792,1,1
2023-09-08,111.0,110.4940948486328,0.8952758277380213,1,1
2023-09-11,111.5999984741211,111.0913543701172,0.8878634107602519,1,1
2023-09-12,125.1999969482422,124.6293716430664,0.2572943765307484,0,1
2023-09-13,123.8000030517578,123.23575592041016,0.44826111583030476,0,1
2023-09-14,123.5999984741211,123.0366668701172,0.472941341061198,0,1
2023-09-15,122.1999969482422,121.6430435180664,0.46483737854709023,0,1
2023-09-18,122.5999984741211,122.04122161865234,0.45539175168005847,0,1
2023-09-19,120.0,119.4530792236328,0.5635326332302154,0,1
2023-09-20,119.1999969482422,118.65672302246094,0.5842180867645483,0,1
2023-09-21,116.4000015258789,115.8694839477539,0.7687279536987268,0,1
2023-09-22,115.0,114.47586822509766,0.8081418677430594,0,1
2023-09-25,114.1999969482422,113.67951202392578,0.7883376248599206,0,1
2023-09-26,113.0,112.48497772216795,0.8286087997119012,0,1
2023-09-27,111.8000030517578,111.29045104980467,0.8459476149760573,0,1
2023-09-28,110.8000030517578,110.29500579833984,0.8597421081922262,0,1
2023-09-29,110.4000015258789,109.8968276977539,0.8643805654357652,0,1
2023-10-02,110.0,109.49864959716795,0.8722038461034886,0,1
2023-10-03,108.0,107.5077667236328,0.8988516635786118,0,1
2023-10-04,110.1999969482422,109.6977310180664,0.9112515027697015,0,1
2023-10-05,112.0,111.48954010009766,0.9031254412413143,0,1
2023-10-06,113.8000030517578,113.28134155273438,0.7543632026343392,0,1
2023-10-09,112.4000015258789,111.8877182006836,0.812876261838482,0,1
2023-10-10,113.8000030517578,113.28134155273438,0.7231708287551166,0,1
2023-10-11,114.4000015258789,113.87860107421876,0.585399949011824,0,1
2023-10-12,113.1999969482422,112.68406677246094,0.6039565356482957,0,1
2023-10-13,105.1999969482422,104.72052764892578,0.6562619638195869,0,1
2023-10-16,106.4000015258789,105.9150619506836,0.6848041078131432,0,1
2023-10-17,106.4000015258789,105.9150619506836,0.8443294422975641,0,1
2023-10-18,104.5999984741211,104.12326049804688,0.8579013822063035,1,1
2023-10-19,105.8000030517578,105.31779479980467,0.8259031947273634,1,1
2023-10-20,102.8000030517578,102.33147430419922,0.8330588110256935,1,1
2023-10-23,104.4000015258789,103.9241714477539,0.810720413454583,1,1
2023-10-24,105.1999969482422,104.72052764892578,0.6910794972146178,1,1
2023-10-25,99.6999969482422,99.24559020996094,0.8788801645550082,1,1
2023-10-26,96.3000030517578,95.86109924316406,0.9039255894650943,1,1
2023-10-27,85.0,84.61259460449219,0.8074310585080676,1,1
2023-10-30,91.8000030517578,91.38159942626952,0.8083507319774089,1,1
2023-10-31,94.4000015258789,93.96975708007812,0.8555777787612887,1,1
2023-11-01,96.5999984741211,96.15972900390624,0.8473444228907347,1,1
2023-11-02,102.8000030517578,102.33147430419922,0.6440738600245187,1,1
2023-11-03,105.1999969482422,104.72052764892578,0.6685820916965608,0,1
2023-11-06,106.0,105.51688385009766,0.6651360048244603,0,1
2023-11-07,104.8000030517578,104.32234954833984,0.746167332878501,0,1
2023-11-08,103.0,102.53055572509766,0.8758742397876444,1,1
2023-11-09,102.8000030517578,102.33147430419922,0.8820143907226927,1,1
2023-11-10,99.8000030517578,99.34514617919922,0.8872330270106651,1,1
2023-11-13,99.3000030517578,98.84741973876952,0.8448504494622671,1,1
2023-11-14,106.0,105.51688385009766,0.8233098155459861,1,1
2023-11-15,109.5999984741211,109.10047149658205,0.7951395822421211,0,1
2023-11-16,108.1999969482422,107.70685577392578,0.7854270095923972,1,1
2023-11-17,108.0,107.5077667236328,0.800561277015087,1,1
2023-11-20,108.5999984741211,108.10503387451172,0.8647384950135893,1,1
2023-11-21,105.5999984741211,105.11870574951172,0.908521881622889,1,1
2023-11-22,107.4000015258789,106.91050720214844,0.8895708002731565,1,1
2023-11-23,100.0,99.54422760009766,0.7854561064816118,1,1
2023-11-24,99.0999984741211,98.64833068847656,0.8337411594250593,1,1
2023-11-27,94.1999969482422,93.77066040039062,0.9304667186348752,1,1
2023-11-28,95.5,95.0647430419922,0.9064468699617472,1,1
2023-11-29,97.0,96.5579071044922,0.9005674933027276,1,1
2023-11-30,103.1999969482422,102.72964477539062,0.7512278563114596,1,1
2023-12-01,104.0,103.52599334716795,0.7738020157721905,1,1
2023-12-04,101.1999969482422,100.73875427246094,0.8222351096396614,1,1
2023-12-05,104.5999984741211,104.12326049804688,0.7643853421953046,1,1
2023-12-06,106.8000030517578,106.31324005126952,0.7480660254444045,1,1
2023-12-07,106.4000015258789,105.9150619506836,0.8581740844750003,1,1
2023-12-08,110.4000015258789,109.8968276977539,0.8493040078836361,1,1
2023-12-11,109.0,108.50321197509766,0.8615460857305317,1,1
2023-12-12,109.0,108.50321197509766,0.8928654681214734,1,1
2023-12-13,109.1999969482422,108.70230102539062,0.8943755617838584,1,1
2023-12-14,118.8000030517578,118.258544921875,0.7778328765077536,1,1
2023-12-15,120.8000030517578,120.24943542480467,0.5985752345075098,1,1
2023-12-18,122.5999984741211,122.04122161865234,0.4668610820256111,1,1
2023-12-19,125.8000030517578,125.22664642333984,0.430233061717374,0,1
2023-12-20,128.8000030517578,128.2129669189453,0.4160957506950142,0,1
2023-12-21,128.8000030517578,128.2129669189453,0.5039413310905417,0,1
2023-12-22,131.8000030517578,131.1992950439453,0.5038711085141248,0,1
2023-12-27,135.0,134.3847198486328,0.4674522896983212,0,1
2023-12-28,138.0,137.37103271484375,0.46605401386669365,1,1
2023-12-29,135.8000030517578,135.1810760498047,0.5098319361882938,1,1
2024-01-02,130.39999389648438,129.8056640625,0.5200266157625136,1,1
2024-01-03,126.4000015258789,125.82391357421876,0.49875341505780857,1,1
2024-01-04,126.8000030517578,126.22209167480467,0.3491460044645199,1,1
2024-01-05,124.8000030517578,124.231201171875,0.32805014579348013,1,1
2024-01-08,128.60000610351562,128.01388549804688,0.2534509394693524,1,1
2024-01-09,126.4000015258789,125.82391357421876,0.3042573965147301,1,1
2024-01-10,122.5999984741211,122.04122161865234,0.43003366003318494,1,1
2024-01-11,121.5999984741211,121.0457763671875,0.25340697454668193,1,1
2024-01-12,122.0,121.44395446777344,0.2908202279835383,1,1
2024-01-15,123.5999984741211,123.0366668701172,0.19090946652413313,1,1
2024-01-16,122.1999969482422,121.6430435180664,0.12525718003363218,1,1
2024-01-17,121.8000030517578,121.244873046875,0.10084250354915165,1,1
2024-01-18,124.1999969482422,123.63392639160156,0.09598225133062398,1,1
2024-01-19,121.0,120.44852447509766,0.2732913245578,1,1
2024-01-22,121.8000030517578,121.244873046875,0.17446168702781917,1,1
2024-01-23,122.0,121.44395446777344,0.21139879209062892,1,1
2024-01-24,126.5999984741211,126.0229949951172,0.11042497216362629,1,1
2024-01-25,135.0,134.3847198486328,0.21961122553118742,1,1
2024-01-26,142.39999389648438,141.7509765625,0.53581109048258,1,1
2024-01-29,147.0,146.33001708984375,0.33358673282001267,1,1
2024-01-30,144.60000610351562,143.9409637451172,0.44748162313967305,1,1
2024-01-31,138.0,137.37103271484375,0.5142793898218202,1,1
2024-02-01,134.60000610351562,133.98654174804688,0.39982843056997525,1,1
2024-02-02,135.1999969482422,134.58380126953125,0.27537229172849365,1,1
2024-02-05,138.0,137.37103271484375,0.3090137455371566,1,1
2024-02-06,135.1999969482422,134.58380126953125,0.32039227010428384,1,1
2024-02-07,137.1999969482422,136.57467651367188,0.22719661959261434,1,1
2024-02-08,140.60000610351562,139.95919799804688,0.27104637629023,1,1
2024-02-09,144.1999969482422,143.54278564453125,0.3052757452898506,0,1
2024-02-12,143.39999389648438,142.7464141845703,0.22877903001168545,0,1
2024-02-13,140.39999389648438,139.7600860595703,0.28405486669232183,0,1
2024-02-14,145.1999969482422,144.53822326660156,0.16201562569224404,0,1
2024-02-15,148.39999389648438,147.72361755371094,0.17973188300784207,0,1
2024-02-16,155.0,154.29356384277344,0.24947998820094536,0,1
2024-02-19,152.60000610351562,151.9044952392578,0.2725517639451566,0,1
2024-02-20,153.60000610351562,152.8999481201172,0.22432170694332118,0,1
2024-02-21,152.0,151.30722045898438,0.2619041158872837,0,1
2024-02-22,154.8000030517578,154.09446716308594,0.315760361868914,0,1
2024-02-23,154.39999389648438,153.6962890625,0.28577683047749863,0,1
2024-02-26,157.0,156.28443908691406,0.2953972409248198,0,1
2024-02-27,149.60000610351562,148.9181671142578,0.32889657205591105,0,1
2024-02-28,144.39999389648438,143.7418670654297,0.45349170580540554,0,1
2024-02-29,143.60000610351562,142.94552612304688,0.41617987721319233,0,1
2024-03-01,144.60000610351562,143.9409637451172,0.20072692706555673,1,1
2024-03-04,143.39999389648438,142.7464141845703,0.3204045320865457,1,1
2024-03-05,143.39999389648438,142.7464141845703,0.1943614521901407,1,1
2024-03-06,144.0,143.34368896484375,0.053943370506664166,1,1
2024-03-07,144.0,143.34368896484375,0.04669263630866675,1,1
2024-03-08,136.60000610351562,135.9774169921875,0.3827630807007421,1,1
2024-03-11,128.1999969482422,127.6156997680664,0.6264294925636567,1,1
2024-03-12,128.60000610351562,128.01388549804688,0.6189748341956129,1,1
2024-03-13,130.0,129.40750122070312,0.651987938907061,1,1
2024-03-14,130.39999389648438,129.8056640625,0.6232370060860999,1,1
2024-03-15,127.1999969482422,126.62025451660156,0.552922653018855,1,1
2024-03-18,127.0,126.4211654663086,0.5342920118055049,1,1
2024-03-19,129.1999969482422,128.61114501953125,0.44867911878643246,1,1
2024-03-20,127.8000030517578,127.21752166748048,0.4276577808798751,0,1
2024-03-21,126.0,125.42572784423828,0.48249586867162053,0,1
2024-03-22,125.5999984741211,125.02754974365234,0.42812653734849265,1,1
2024-03-25,125.8000030517578,125.22664642333984,0.5239115827612265,1,1
2024-03-26,125.0,124.43029022216795,0.5116123863872204,1,1
2024-03-27,128.39999389648438,127.81478881835938,0.38503572057618446,0,1
2024-03-28,142.60000610351562,141.9500732421875,0.18693862975026457,0,1
2024-04-02,146.8000030517578,146.1309356689453,0.20224836074451571,1,1
2024-04-03,148.0,147.32545471191406,0.23603152562171315,1,1
2024-04-04,152.6999969482422,152.0040283203125,0.24692071299054302,0,1
2024-04-05,151.89999389648438,151.20767211914062,0.20718569522699418,0,1
2024-04-08,151.0,150.31178283691406,0.34967909705219385,0,1
2024-04-09,149.39999389648438,148.7190704345703,0.48802436492771645,1,1
2024-04-10,145.3000030517578,144.6377716064453,0.5460137976726204,1,1
2024-04-11,146.8000030517578,146.1309356689453,0.4480392562107793,1,1
2024-04-12,136.60000610351562,135.9774169921875,0.5250210214004752,1,1
2024-04-15,136.5,135.87786865234375,0.3766836907973602,1,1
2024-04-16,139.0,138.36647033691406,0.4195491586658724,1,1
2024-04-17,137.5,136.87330627441406,0.4767831251403247,1,1
2024-04-18,133.39999389648438,132.79200744628906,0.5740994284215051,1,1
2024-04-19,124.5,123.93256378173828,0.48817493156626857,1,1
2024-04-22,122.0999984741211,121.5435028076172,0.5226807939202971,1,1
2024-04-23,128.39999389648438,127.81478881835938,0.2488999773999553,1,1
2024-04-24,135.3000030517578,134.683349609375,0.3341402152067793,1,1
2024-04-25,133.5,132.8915557861328,0.40373174259808414,1,1
2024-04-26,126.5,125.92345428466795,0.3308577143976537,1,1
2024-04-29,133.60000610351562,132.99110412597656,0.2474064869786063,1,1
2024-04-30,154.3000030517578,153.5967559814453,0.1631475127914289,0,1
2024-05-02,149.6999969482422,149.0177001953125,0.20626406330792396,0,1
2024-05-03,144.5,143.84141540527344,0.3051010656360956,1,1
2024-05-06,151.39999389648438,150.7099609375,0.19809047962574816,0,1
2024-05-07,148.89999389648438,148.22134399414062,0.2467359839236132,0,1
2024-05-08,155.89999389648438,155.189453125,0.43316275198794596,0,1
2024-05-09,157.1999969482422,156.48353576660156,0.3216403388388904,0,1
2024-05-10,156.8000030517578,156.08535766601562,0.2657170830587645,0,1
2024-05-13,156.1999969482422,155.4880828857422,0.33242466964524503,0,1
2024-05-14,164.6999969482422,163.9493408203125,0.2844170631107282,0,1
2024-05-15,155.5,154.79127502441406,0.289397945471674,0,1
2024-05-16,161.6999969482422,160.9630126953125,0.24297338200747978,0,1
2024-05-17,158.8000030517578,158.0762481689453,0.29157957543175195,0,1
2024-05-20,162.5,161.75936889648438,0.2698043379074079,0,1
2024-05-21,161.10000610351562,160.36575317382812,0.235058869086174,0,1
2024-05-22,157.89999389648438,157.1803436279297,0.2213287730748207,0,1
2024-05-23,159.5,158.77304077148438,0.17823510453460695,0,1
2024-05-24,143.5,142.84597778320312,0.33819573746366416,0,1
2024-05-27,148.8000030517578,148.12181091308594,0.43483551931203906,0,1
2024-05-28,146.0,145.33457946777344,0.33503749176103564,0,1
2024-05-29,142.8000030517578,142.149169921875,0.45378835505203663,0,1
2024-05-30,140.5,139.85963439941406,0.5307112310800387,0,1
2024-05-31,145.60000610351562,144.9364013671875,0.4481150873951854,0,1
2024-06-03,144.0,143.34368896484375,0.5189109070257409,0,1
2024-06-04,141.6999969482422,141.05416870117188,0.5619501844440554,0,1
2024-06-05,146.0,145.33457946777344,0.5675189162666193,0,1
2024-06-06,144.39999389648438,143.7418670654297,0.5128798300998026,0,1
2024-06-07,147.10000610351562,146.42958068847656,0.4557232861808016,0,1
2024-06-10,141.1999969482422,140.5564422607422,0.412599599353528,1,1
2024-06-11,137.3000030517578,136.67422485351562,0.5573484540794533,1,1
2024-06-12,140.0,139.36192321777344,0.43874878189982486,0,1
2024-06-13,134.5,133.88699340820312,0.4501559425414046,1,1
2024-06-14,134.3000030517578,133.6879119873047,0.49147305805901936,1,1
2024-06-17,131.8000030517578,131.1992950439453,0.43390753105002083,1,1
2024-06-18,133.6999969482422,133.09063720703125,0.5014572689217568,1,1
2024-06-19,130.60000610351562,130.00477600097656,0.5503836251132669,1,1
2024-06-20,135.8000030517578,135.1810760498047,0.3088810931883167,1,1
2024-06-21,132.10000610351562,131.49794006347656,0.46346733891297914,1,1
2024-06-24,132.3000030517578,131.697021484375,0.34214408319301753,1,1
2024-06-25,126.5999984741211,126.30941009521484,0.5427738658481319,1,1
2024-06-26,128.39999389648438,128.1052703857422,0.5728218244504084,1,1
2024-06-27,128.60000610351562,128.30482482910156,0.5222074726644509,1,1
2024-06-28,130.3000030517578,130.0009307861328,0.3832860572731226,1,1
2024-07-01,135.0,134.6901397705078,0.3581138799993129,0,1
2024-07-02,133.1999969482422,132.89425659179688,0.43523542267196513,1,1
2024-07-03,139.10000610351562,138.78073120117188,0.2991076325395199,0,1
2024-07-04,143.10000610351562,142.77154541015625,0.24205196914987742,0,1
2024-07-05,145.0,144.66717529296875,0.1950691902033602,0,1
2024-07-08,146.6999969482422,146.36328125,0.2447880205917676,0,1
2024-07-09,138.89999389648438,138.5811767578125,0.39355238477859206,0,1
2024-07-10,137.5,137.18438720703125,0.35348162466715655,0,1
2024-07-11,141.5,141.1752166748047,0.47475151621371015,0,1
2024-07-12,142.6999969482422,142.37245178222656,0.5139096273199522,0,1
2024-07-15,140.8000030517578,140.47682189941406,0.5066385300364151,0,1
2024-07-16,142.10000610351562,141.77383422851562,0.5456783123333121,0,1
2024-07-17,137.8000030517578,137.48370361328125,0.5842075093508827,0,1
2024-07-18,140.89999389648438,140.5765838623047,0.576440896916356,0,1
2024-07-19,139.10000610351562,138.78073120117188,0.5215853273838862,0,1
2024-07-22,140.10000610351562,139.77842712402344,0.4707963060902473,0,1
2024-07-23,133.39999389648438,133.0937957763672,0.19561567567475988,1,1
2024-07-24,131.8000030517578,131.4974822998047,0.20272084975579963,1,1
2024-07-25,132.3000030517578,131.996337890625,0.27062732891565344,1,1
2024-07-26,137.5,137.18438720703125,0.1979174192621525,1,1
2024-07-29,132.60000610351562,132.295654296875,0.38313393897366843,1,1
2024-07-30,138.3000030517578,137.98255920410156,0.1759444798710442,0,1
2024-07-31,134.89999389648438,134.59036254882812,0.2532773848058092,1,1
2024-08-01,129.5,129.2027587890625,0.3104768408801223,1,1
2024-08-02,126.5999984741211,126.30941009521484,0.3293993324553798,1,1
2024-08-05,126.9000015258789,126.60872650146484,0.2684163157043668,1,1
2024-08-06,133.3000030517578,132.99403381347656,0.21725320798707712,1,1
2024-08-07,134.3000030517578,133.9917449951172,0.14531237168656921,1,1
2024-08-08,134.0,133.6924285888672,0.18990987529676356,1,1
2024-08-09,133.8000030517578,133.49288940429688,0.21448308928471344,1,1
2024-08-12,134.0,133.6924285888672,0.33114445247342345,1,1
2024-08-13,134.89999389648438,134.59036254882812,0.3080720224537599,1,1
2024-08-14,134.60000610351562,134.2910614013672,0.39916166559878,1,1
2024-08-15,135.6999969482422,135.38851928710938,0.31322288016021166,1,1
2024-08-16,138.8000030517578,138.48141479492188,0.41247319032709817,1,1
2024-08-19,138.10000610351562,137.78302001953125,0.42091199512430627,1,1
2024-08-20,136.8000030517578,136.4860076904297,0.5188552025665055,1,1
2024-08-21,133.89999389648438,133.5926513671875,0.5236808778964283,1,1
2024-08-22,137.1999969482422,136.8850860595703,0.3339627294589896,1,1
2024-08-23,139.1999969482422,138.8804931640625,0.31696757863518676,1,1
2024-08-26,138.89999389648438,138.5811767578125,0.357709909412705,1,1
2024-08-27,135.5,135.18898010253906,0.30722463153445095,1,1
2024-08-28,137.0,136.685546875,0.1469466975014206,1,1
2024-08-29,142.8000030517578,142.47222900390625,0.15386662534136528,1,1
2024-08-30,141.39999389648438,141.075439453125,0.139557182098416,1,1
2024-09-02,140.1999969482422,139.87818908691406,0.13755362199181126,1,1
2024-09-03,137.10000610351562,136.7853240966797,0.15939535658256299,1,1
2024-09-04,138.10000610351562,137.78302001953125,0.11772661623345705,1,1
2024-09-05,141.6999969482422,141.374755859375,0.11587735662035248,1,1
2024-09-06,137.39999389648438,137.08460998535156,0.13653804121909585,1,1
2024-09-09,141.60000610351562,141.27499389648438,0.16909571732272874,1,1
2024-09-10,143.89999389648438,143.5697021484375,0.09005537359122202,1,1
2024-09-11,146.8000030517578,146.46304321289062,0.15244286432584658,0,1
2024-09-12,150.5,150.15455627441406,0.08426492737688325,0,1
2024-09-13,150.0,149.65570068359375,0.14939532507466927,0,1
2024-09-16,150.5,150.15455627441406,0.12488000407305017,0,1
2024-09-17,150.5,150.15455627441406,0.22452605480901752,0,1
2024-09-18,150.60000610351562,150.25433349609375,0.22173677972098885,0,1
2024-09-19,156.0,155.64193725585938,0.24822793949136635,0,1
2024-09-20,150.60000610351562,150.25433349609375,0.434272767921221,0,1
2024-09-23,147.5,147.16143798828125,0.266759454001058,0,1
2024-09-24,147.60000610351562,147.26121520996094,0.15082750015762883,0,1
2024-09-25,151.60000610351562,151.2520294189453,0.11575706208657426,0,1
2024-09-26,152.60000610351562,152.24974060058594,0.11312788355044365,0,1
2024-09-27,152.10000610351562,151.75088500976562,0.08507332043687874,0,1
2024-09-30,154.0,153.64651489257812,0.11992444767366829,0,1
2024-10-01,154.0,153.64651489257812,0.06681896554740546,0,1
2024-10-02,150.39999389648438,150.05477905273438,0.05051216967730442,0,1
2024-10-03,147.1999969482422,146.86212158203125,0.06810405800818131,0,1
2024-10-04,145.39999389648438,145.06625366210938,0.05114141149667602,0,1
2024-10-07,143.0,142.67176818847656,0.08123347949152315,0,1
2024-10-08,144.60000610351562,144.26809692382812,0.08441504893524382,0,1
2024-10-09,144.0,143.6694793701172,0.09858081867170122,0,1
2024-10-10,140.3000030517578,139.97796630859375,0.1587235059580794,0,1
2024-10-11,140.60000610351562,140.27728271484375,0.15851456162973482,0,1
2024-10-14,138.89999389648438,138.5811767578125,0.18125418332188956,1,1
2024-10-15,137.6999969482422,137.38392639160156,0.13173532782579864,0,1
2024-10-16,141.3000030517578,140.97567749023438,0.1302012986169734,0,1
2024-10-17,137.5,137.18438720703125,0.2609266723261276,0,1
2024-10-18,141.0,140.67636108398438,0.18080883019719166,0,1
2024-10-21,140.10000610351562,139.77842712402344,0.2557839958890425,0,1
2024-10-22,142.39999389648438,142.07313537597656,0.1647186234875124,0,1
2024-10-23,137.5,137.18438720703125,0.2436644338503716,1,1
2024-10-24,138.60000610351562,138.28187561035156,0.13606628418707334,0,1
2024-10-25,142.1999969482422,141.87359619140625,0.08103403588088562,0,1
2024-10-28,150.6999969482422,150.35409545898438,0.23294812277430177,0,1
2024-10-29,145.0,144.66717529296875,0.4664217507138824,0,1
2024-10-30,146.0,145.66488647460938,0.3815373785101699,0,1
2024-10-31,144.39999389648438,144.0685577392578,0.3852889349951388,0,1
2024-11-01,141.39999389648438,141.075439453125,0.4220514142601516,1,1
2024-11-04,139.39999389648438,139.0800323486328,0.3324144326748019,0,1
2024-11-05,138.89999389648438,138.5811767578125,0.26812825932983264,0,1
2024-11-06,137.1999969482422,136.8850860595703,0.22774972874539534,0,1
2024-11-07,138.6999969482422,138.3816375732422,0.25570328175610973,0,1
2024-11-08,138.5,138.18209838867188,0.27492716659894284,1,1
2024-11-11,139.60000610351562,139.2795867919922,0.2229180393132906,0,1
2024-11-12,135.1999969482422,134.88966369628906,0.32362307031158644,0,1
2024-11-13,138.1999969482422,137.88278198242188,0.24900115788400973,0,1
2024-11-14,135.39999389648438,135.08920288085938,0.3401309532006628,0,1
2024-11-15,135.89999389648438,135.5880584716797,0.21982201764310103,1,1
2024-11-18,137.5,137.18438720703125,0.2264884354356498,0,1
2024-11-19,134.6999969482422,134.3908233642578,0.24935473424694185,0,1
2024-11-20,137.8000030517578,137.48370361328125,0.23534275594474807,1,1
2024-11-21,138.39999389648438,138.0823211669922,0.2684206965834751,1,1
2024-11-22,137.1999969482422,136.8850860595703,0.27932980715368316,1,1
2024-11-25,143.39999389648438,143.0708465576172,0.26084538730901335,1,1
2024-11-26,142.89999389648438,142.57199096679688,0.3444477466446928,1,1
2024-11-27,141.60000610351562,141.27499389648438,0.38214893802847993,1,1
2024-11-28,141.10000610351562,140.77613830566406,0.38610316331214406,1,1
2024-11-29,142.8000030517578,142.47222900390625,0.3597178705312017,1,1
2024-12-02,137.8000030517578,137.48370361328125,0.44741835074692565,1,1
2024-12-03,137.6999969482422,137.38392639160156,0.38428549687440405,1,1
2024-12-04,133.1999969482422,132.89425659179688,0.2729217553513915,1,1
2024-12-05,138.10000610351562,137.78302001953125,0.24987252831101012,1,1
2024-12-06,139.60000610351562,139.2795867919922,0.23935693444251824,1,1
2024-12-09,135.60000610351562,135.28875732421875,0.22286827791798638,1,1
2024-12-10,132.10000610351562,131.7967987060547,0.2700352238295955,1,1
2024-12-11,134.10000610351562,133.79220581054688,0.1714512599049799,1,1
2024-12-12,134.3000030517578,133.9917449951172,0.19095800195658535,1,1
2024-12-13,136.0,135.68783569335938,0.1798723055923377,1,1
2024-12-16,135.5,135.18898010253906,0.1642023896015085,1,1
2024-12-17,134.0,133.6924285888672,0.1463875221645552,1,1
2024-12-18,149.6999969482422,149.35638427734375,0.32514885617802264,1,1
2024-12-19,153.10000610351562,152.74859619140625,0.22083894899283582,1,1
2024-12-20,156.39999389648438,156.04100036621094,0.3210686384476369,1,1
2024-12-23,177.6999969482422,177.2921142578125,0.23864434083602645,0,1
2024-12-24,176.0,175.5960235595703,0.23019461717063872,0,1
2024-12-27,175.39999389648438,174.9973907470703,0.25748339383432434,0,1
2024-12-30,173.0,172.6029052734375,0.20294869963081777,0,1
2024-12-31,177.6999969482422,177.2921142578125,0.21291559144229347,0,1
2025-01-02,182.0,181.58226013183597,0.27752758973351627,0,1
2025-01-03,180.0,179.5868377685547,0.2693707278061989,0,1
2025-01-06,182.0,181.58226013183597,0.30329064474345485,0,1
2025-01-07,170.39999389648438,170.0088653564453,0.2976345093846624,0,1
2025-01-08,167.39999389648438,167.01576232910156,0.23854803317399376,0,1
2025-01-09,173.0,172.6029052734375,0.1556465544577709,0,1
2025-01-10,173.8000030517578,173.4010772705078,0.14411122742409568,0,1
2025-01-13,165.8000030517578,165.41943359375,0.22048024053089088,0,1
2025-01-14,161.0,160.6304473876953,0.2439520701114293,1,1
2025-01-15,162.8000030517578,162.42633056640625,0.22127091224177323,0,1
2025-01-16,165.5,165.12013244628906,0.20211889914144723,0,1
2025-01-17,168.60000610351562,168.2130126953125,0.18548741494461432,0,1
2025-01-20,167.39999389648438,167.01576232910156,0.21358595949628315,0,1
2025-01-21,167.6999969482422,167.31507873535156,0.11804391150216367,0,1
2025-01-22,169.39999389648438,169.01116943359375,0.04516459403209611,0,1
2025-01-23,167.5,167.11553955078125,0.06453066827079791,0,1
2025-01-24,167.60000610351562,167.21531677246094,0.06081418191559655,0,1
2025-01-27,165.1999969482422,164.82081604003906,0.07209000234030517,0,1
2025-01-28,167.0,166.61668395996094,0.06324324148866017,0,1
2025-01-29,164.3000030517578,163.92288208007812,0.05180517154784037,1,1
2025-01-30,169.39999389648438,169.01116943359375,0.022538425310538995,1,1
2025-01-31,165.89999389648438,165.51919555664062,0.03669411358321279,1,1
2025-02-03,164.8000030517578,164.42173767089844,0.03483375261116493,1,1
2025-02-04,167.39999389648438,167.01576232910156,0.024279700612867335,1,1
2025-02-05,166.39999389648438,166.01805114746094,0.028089779941830182,1,1
2025-02-06,165.5,165.12013244628906,0.031103143891372104,1,1
2025-02-07,163.1999969482422,162.82540893554688,0.07266273584849325,1,1
2025-02-10,165.8000030517578,165.41943359375,0.04691191467765111,1,1
2025-02-11,162.0,161.62815856933594,0.12943133887030323,1,1
2025-02-12,161.89999389648438,161.52838134765625,0.13738257429130257,1,1
2025-02-13,162.3000030517578,161.92747497558594,0.14394637575912014,1,1
2025-02-14,163.39999389648438,163.02493286132812,0.07579748162502006,1,1
2025-02-17,162.3000030517578,161.92747497558594,0.13064301000258888,1,1
2025-02-18,157.39999389648438,157.03871154785156,0.1845503485250325,1,1
2025-02-19,157.60000610351562,157.23826599121094,0.3621790745445575,1,1
2025-02-20,159.60000610351562,159.23367309570312,0.41484812220166783,1,1
2025-02-21,160.6999969482422,160.33114624023438,0.42678648784298207,1,1
2025-02-24,161.0,160.6304473876953,0.33288412434588005,1,1
2025-02-25,165.0,164.62127685546875,0.18504278043035774,1,1
2025-02-26,166.5,166.11782836914062,0.28312663423851114,1,1
2025-02-27,206.3999938964844,205.92623901367188,0.3107326786343843,0,1
2025-02-28,205.6000061035156,205.12808227539065,0.2318182428025291,0,1
2025-03-03,203.8000030517578,203.33221435546875,0.22541794236291612,0,1
2025-03-04,195.3000030517578,194.8517303466797,0.2412916123527479,1,1
2025-03-05,194.1999969482422,193.75424194335935,0.2030042996904342,1,1
2025-03-06,189.1999969482422,188.7657165527344,0.2707575890155222,0,1
2025-03-07,191.0,190.5615997314453,0.23047284965938952,0,1
2025-03-10,191.1999969482422,190.7611389160156,0.24012860109019812,0,1
2025-03-11,185.0,184.5753631591797,0.27767602985769857,0,1
2025-03-12,189.6000061035156,189.1648101806641,0.17474239053171475,0,1
2025-03-13,189.5,189.0650329589844,0.07015647381813393,0,1
2025-03-14,195.1999969482422,194.751953125,0.10571447966372256,0,1
2025-03-17,196.0,195.5501251220703,0.10092621536271668,0,1
2025-03-18,194.6000061035156,194.15333557128903,0.057674760352699986,1,1
2025-03-19,200.3999938964844,199.9400177001953,0.10546265233578711,0,1
2025-03-20,201.6000061035156,201.13726806640625,0.10279415493963043,0,1
2025-03-21,194.0,193.55470275878903,0.09884353133163505,1,1
2025-03-24,199.6000061035156,199.1418609619141,0.10662447124119613,1,1
2025-03-25,202.8000030517578,202.3345184326172,0.07378733004117931,0,1
2025-03-26,205.0,204.5294647216797,0.06830476059991586,0,1
2025-03-27,195.3999938964844,194.9514923095703,0.12709017610816511,1,1
2025-03-28,197.6999969482422,197.2462158203125,0.10640863361423449,0,1
2025-03-31,196.8999938964844,196.4480438232422,0.1235360487501205,0,1
2025-04-01,198.8000030517578,198.34368896484372,0.09857303288993347,0,1
2025-04-02,198.6999969482422,198.2439117431641,0.04264436578228171,0,1
2025-04-03,187.5,187.0696258544922,0.3003136961581821,0,1
2025-04-04,173.0,172.6029052734375,0.3522989801441928,1,1
2025-04-07,172.6999969482422,172.3035888671875,0.5332620670664039,1,1
2025-04-08,176.5,176.09487915039062,0.6050200200492306,1,1
2025-04-09,172.6999969482422,172.3035888671875,0.6468918625499968,1,1
2025-04-10,184.1000061035156,183.6774444580078,0.6018510440392794,1,1
2025-04-11,183.1000061035156,182.6797332763672,0.5911966128184808,1,1
2025-04-14,192.8999938964844,192.4572296142578,0.3072502269392974,0,1
2025-04-15,199.5,199.0420837402344,0.15903428510476467,0,1
2025-04-16,196.6999969482422,196.24850463867188,0.3129235495048965,0,1
2025-04-17,196.5,196.0489654541016,0.441448621125315,0,1
2025-04-22,203.8000030517578,203.33221435546875,0.39738806494632356,0,1
2025-04-23,206.0,205.52716064453125,0.51329436326806,0,1
2025-04-24,199.1999969482422,198.7427673339844,0.6101915379007162,1,1
2025-04-25,197.1999969482422,196.7473602294922,0.5827804299291802,1,1
2025-04-28,197.3000030517578,196.84713745117188,0.5884360198629176,1,1
2025-04-29,195.8000030517578,195.3505859375,0.5477108665461754,1,1
2025-04-30,176.39999389648438,175.99510192871094,0.42932334881562206,1,1
2025-05-02,181.1999969482422,180.7840881347656,0.476060088497273,1,1
2025-05-05,184.1000061035156,183.6774444580078,0.5052813442799857,1,1
2025-05-06,181.1999969482422,180.7840881347656,0.5327508709332306,1,1
2025-05-07,181.1999969482422,180.7840881347656,0.5418979750507034,1,1
2025-05-08,180.8000030517578,180.385009765625,0.4784013329234153,1,1
2025-05-09,180.0,179.5868377685547,0.43328351184874464,1,1
2025-05-12,186.5,186.07192993164065,0.43679620077441933,1,1
2025-05-13,187.0,186.57077026367188,0.3989409730329435,1,1
2025-05-14,191.8999938964844,191.4595184326172,0.2392988026895146,1,1
2025-05-15,191.3000030517578,190.8609161376953,0.2716838522496701,1,1
